,회사코드,상승율
0,155660,-0.3914917304129826
1,001250,0.6831745990988628
2,294870,4.055595841274454
3,001390,-0.10508285381834252
4,011070,0.5772768764934744
5,066570,0.2370746887739701
6,037560,-0.8096842754089594
7,010060,-3.8396125789871527
8,100840,0.9623617296561964
9,064960,0.7639224416368867
10,096770,-6.935491348979694
11,011810,-1.766728461675021
12,037270,3.5526307554620944
13,011420,12.929212917176674
14,010130,-1.5846425945911042
15,014530,-0.29982316350214444
16,013700,-0.015562052748318332
17,008350,-3.1381130121000793
18,014160,1.259535359164825
19,003090,0.2749439605552164
20,006650,-3.7701681570562857
21,000150,-0.9249816224698604
22,241560,-0.49440455853835574
23,115390,-2.2052938530061246
24,286940,2.2949210269391442
25,027740,-10.306295048617443
26,204320,-0.4712038643771746
27,008560,-0.0022577519148499793
28,001270,-0.5454844463937002
29,006400,0.6653993042418984
30,028050,3.1327838801906456
31,010140,-1.5232636916867228
32,068290,-2.753099509624202
33,000810,-0.1707872928340012
34,000070,0.4723155745076372
35,005680,-0.0960993625989733
36,003720,5.261903450375197
37,001290,0.8153545502309238
38,007610,0.2592321144929329
39,004490,0.026282131264722668
40,091090,0.04486686165949593
41,055550,-0.007806793123750424
42,003620,-7.880853933252286
43,011090,-2.635839734284495
44,012280,-2.1227578473070112
45,008600,-1.5614776205812104
46,033270,-0.025830539903747524
47,023800,-0.604818475952357
48,129260,-0.6320453129216079
49,013360,-1.4332290071869276
50,081000,-1.1429692655167702
51,271980,0.5055385755145546
52,001560,-1.0926272795434906
53,002620,-3.190669779016887
54,002600,-1.8382737960265119
55,071320,-0.11626475375590833
56,088790,-4.258502787968845
57,120110,-0.43746669268555066
58,020120,7.067976560210363
59,015890,-0.7422057761954713
60,004100,-1.4387096649591768
61,058430,-0.8975462107604782
62,005430,-9.432862642061124
63,023350,2.278436552899646
64,009180,2.340136724512116
65,002220,-2.197258243079077
66,006390,2.179764867665344
67,009460,-0.6919988995629256
68,088350,-0.1600349692776815
69,267270,-0.3485833269495045
70,012330,-1.1790982784613682
71,004560,-0.06842713965343386
72,017800,0.5458708842020894
73,001500,0.2861580731798536
74,057050,-11.733252603485766
75,111110,-1.0806103900422235
76,245620,29.825269261495205
77,083450,-1.0241922506819645
78,028150,-2.265382413337374
79,099520,-2.2852102827577867
80,067290,1.9268437540283254
81,024120,-3.547679227104655
82,060720,4.874815401377105
83,051390,-0.1721048755849863
84,223310,18.419517000593974
85,024910,0.2404473727589437
86,198440,-0.5463036673639223
87,215000,-3.1962553861659333
88,043650,2.8124618905028576
89,204020,-4.559724978044588
90,286750,3.602534569104329
91,056000,-4.790243169504042
92,085910,-0.508249550907785
93,007390,-5.904467745794332
94,031390,-1.309452722422056
95,012340,2.2995955375005432
96,085670,-5.172751942518893
97,078140,-1.0030056118934616
98,290380,-4.921784884201268
99,290120,-0.9557662603718982
100,003310,-0.025162270864084797
101,023910,-0.8301275862432798
102,006620,-2.8060292292965565
103,099410,-0.1992488956369556
104,196490,-8.501554398685492
105,066900,-0.5957682328302694
106,127120,-14.838237021869759
107,092070,-4.550392942000799
108,033130,-5.9601949299256605
109,060240,-0.9272104832147482
110,219420,-11.437094495918021
111,086900,-14.643234469242712
112,021880,1.4455176301066242
113,327260,-7.2720014164686315
114,080160,-10.217414395447173
115,250060,13.830985778823909
116,118990,-5.290961649694466
117,028040,0.22547378573103466
118,207760,12.63529048305217
119,206640,16.54451808977282
120,053030,5.287633648666367
121,337930,-40.460982372747075
122,023600,1.671245971790724
123,111870,-12.710821674277295
124,009300,-1.2749882676265898
125,042940,2.872146737743316
126,100660,-2.408658089581591
127,080470,-0.629262014881509
128,011560,-4.501644050560047
129,036630,-0.5722306267746399
130,053450,-1.9494613262840563
131,049180,2.094384782775589
132,208370,3.1948927118580275
133,068760,0.9518559532071114
134,053110,-8.708249780865456
135,204630,-2.522217675800565
136,013810,8.790833212813881
137,049830,-0.7204907436568548
138,269620,-12.904427629123989
139,222800,1.685543080116544
140,010280,4.927551653808639
141,115480,0.19666896485763988
142,900120,13.217168559611252
143,123860,-20.28058091576118
144,149950,-6.802193694998086
145,099190,1.3073503314288095
146,040910,2.9806498742570273
147,068940,5.638210629241129
148,078860,1.1014905055627797
149,114810,0.05930147606721869
150,031310,-3.792667005941139
151,124500,2.0984791968881034
152,260660,0.6914320267823757
153,096610,-3.5943150592801842
154,061040,-1.3180664330678205
155,310200,-10.028735632183906
156,102120,7.381998942818065
157,065420,31.70541549953316
158,103230,2.6283007023374174
159,101490,2.835450249148962
160,095910,-0.26488199830489256
161,096630,-12.933167479735864
162,043340,-0.5152035939308026
163,096690,1.4122206612927095
164,241840,4.178331716434233
165,021080,-0.8096223207849768
166,950130,3.56100905740834
167,070300,10.945810378930846
168,092870,-2.2351593445227795
169,048830,-1.0126661877197165
170,058630,5.7596304677423005
171,019590,5.207554338880163
172,097520,2.840997959419436
173,265560,-9.077773403740256
174,045060,0.20758222713647512
175,048260,1.6151378824738558
176,049480,-2.194994135887394
177,109080,-3.202652422855818
178,019210,-3.619572341910751
179,082850,3.0260591439120246
180,074600,-3.6910478903208888
181,014190,-0.24028912242583436
182,008290,-3.7158129858970512
183,095270,-11.20943702799433
184,065950,0.8237061817125321
185,036090,-6.118722327375646
186,203450,-0.35431799838579503
187,241690,-2.626083018887582
188,078070,5.0574653012113595
189,054930,-0.249804270995656
190,178780,1.8301572577208582
191,047560,1.2296951982641815
192,900110,-2.4514470961558654
193,087730,0.3320766954164952
194,123570,-0.19137382522193155
195,079950,-2.1624115587814114
196,064290,9.716236161525874
197,254120,-2.0675006626065286
198,234920,-4.533277001980977
199,174880,-11.244365518792552
200,040420,-2.085264785176329
201,079370,-2.8245317524410014
202,094970,-5.699765625608323
203,023440,-2.612864694591406
204,080220,-1.4201703606205096
205,082270,1.7365419196125507
206,034940,-0.2541322242827883
207,036930,-6.840182739298729
208,119850,-0.7131872303493222
209,065060,-4.028392965591173
210,071850,-2.07024974960033
211,042040,-2.9143723199298037
212,054410,-0.19653214230117788
213,274090,-1.6196880834248288
214,078650,-5.397477219965557
215,126600,0.8567201791123932
216,043590,-1.535640208879337
217,139670,67.53894637431225
218,026150,0.3802146402006513
219,246710,101.99428939854472
220,131290,3.097151235781936
221,033540,-1.6920526409427963
222,037070,4.744991200184567
223,065690,-0.9883720556953873
224,225590,-3.2182770037839714
225,005670,0.5764810775778222
226,203690,8.249002238265016
227,335810,0.15799471624029063
228,032580,-3.363904421056604
229,024850,-2.9756271426810095
230,221840,-1.3247202782691623
231,222980,0.9866540432221941
232,050540,3.3581559338011795
233,078350,3.303953491220075
234,123840,-3.0161570032383835
235,007770,-1.9886771793226572
236,034810,-44.0685827712625
237,048410,-1.5044104914610004
238,039610,-0.5386750523946601
239,115160,0.22439568768113144
240,189330,-12.44444444444445
241,250030,-0.03822773044635039
242,079160,-4.515363558648121
243,097950,0.22256130775451088
244,089470,0.9317703829213365
245,096760,-0.48682740858027246
246,105560,-0.02164554662451735
247,119650,-2.2519735733129123
248,001380,2.466674413209952
249,014280,-2.6095713841126758
250,002990,0.6465898950828107
251,001210,-2.8839101490735133
252,024110,-0.05615443061581787
253,004270,-2.5041937193139434
254,251270,-5.25993929898915
255,006370,-0.41651160970599066
256,047040,-0.5687606821214516
257,003220,-0.5031139661413349
258,001070,1.6392004874028776
259,001790,0.8320400043395618
260,005880,0.11870940687147533
261,024900,-1.1008280723310133
262,018500,0.6465480249145653
263,042670,-0.14555101761529804
264,024090,2.5516311389461745
265,007340,0.11350187830792313
266,000400,-0.13567963197206184
267,280360,1.6068683469773717
268,005300,0.6397677537381421
269,011170,-7.598435056800491
270,071840,-0.6268490718101452
271,107590,-0.13464159807260861
272,035150,-5.388069940083013
273,002760,-0.9224070667689064
274,003960,-1.4481363062208943
275,008040,-0.9276410004948924
276,003230,4.434767269715961
277,021050,-1.723043003275142
278,136490,-0.22343524548432134
279,011300,-1.714566314023188
280,004360,0.19423852756796026
281,058650,-1.5887168595650902
282,067830,-1.7798688693001121
283,006880,3.201331321029826
284,002700,-3.789465680781216
285,019170,0.018185715686241544
286,004770,4.58119247731924
287,122900,0.6085342371237763
288,003560,-12.47155949211998
289,078520,-6.314619288342553
290,036570,1.4203908811816508
291,014440,-2.039310557265347
292,003520,0.8096724357807421
293,000670,0.6489487832112452
294,047400,-0.2963184368489745
295,000220,1.2004483879729686
296,000100,-1.1201949111998837
297,139480,-1.3505130483795125
298,005950,0.4788325353350831
299,015020,3.525846793435815
300,034590,-1.2366368142930375
301,008500,-2.369291462152863
302,001630,1.7863226861937511
303,013870,-1.9506492282108872
304,011000,26.748447266983835
305,109070,0.10912511294296881
306,281820,3.430544581610232
307,007810,1.3795795053646915
308,005420,-1.3603076177271796
309,071950,-1.4073561024396801
310,138490,-2.7666995512145083
311,192400,8.005350941819307
312,015590,2.2869484516131524
313,084870,-2.2401567015194797
314,003670,-5.8971707480062046
315,033180,-1.6354720323392458
316,019490,0.374193342614663
317,071050,-0.03631345176414518
318,006200,-1.339420384392685
319,161390,-1.3449812215986037
320,034830,-29.100245423432888
321,007280,-0.30940055951054074
322,018880,-3.6820976874388536
323,009830,-0.5674716626739175
324,101530,0.7652559644401818
325,322000,5.334865515489245
326,011210,0.4944658897450874
327,227840,-0.6058205667871636
328,008770,-4.024417880969158
329,006060,-1.5197394440470027
330,000850,-2.2871279703676337
331,016580,-0.6468493126488672
332,004800,0.7562548925391699
333,298000,-0.8950848832336021
334,003280,-0.2980679481713219
335,054620,-9.178937771777683
336,035760,-0.40482906423537274
337,058820,-0.4352653699879673
338,065770,-3.5652520045362093
339,083660,24.650970959858757
340,037370,-0.44379713917587826
341,036640,1.078998227444898
342,030190,1.0717990041421428
343,024940,-0.41852039053124473
344,036120,40.96029221161775
345,048550,0.23302643378896143
346,038340,-6.8183891730537995
347,192410,-4.34095841858948
348,217730,0.43821211624184986
349,063080,31.839425385889033
350,044480,2.64253883998748
351,098460,-8.27344051727558
352,014200,3.732138559323718
353,006050,-1.1552600027043056
354,039860,0.49900680582873136
355,138610,0.6029150494301746
356,091590,-1.171834726088936
357,092730,2.580060039934137
358,089140,-15.211102961419186
359,348210,18.91084239622458
360,217270,-2.41763679227116
361,065560,-4.959228588129859
362,040160,1.4592831925545904
363,144960,-9.641635424987106
364,104040,-1.0649308520842862
365,045390,0.37859401143599836
366,078600,0.8133281907197601
367,096350,0.38424704332432924
368,213420,0.7066367664764214
369,100130,1.4668784185230448
370,088130,-3.8989135859028954
371,214680,-0.21979405817459366
372,134580,1.772358657262465
373,039840,0.009025692891213527
374,131180,-1.023118838183502
375,033600,-32.26597963440067
376,038390,0.4590943633457684
377,228850,-3.4657928517987306
378,215100,-19.413843198579098
379,005990,0.4995494503882235
380,100590,-4.228329743542546
381,014100,-2.381798991833075
382,059210,0.5936561433734348
383,058110,20.200105569574415
384,257370,-6.611352308320532
385,001810,0.15436361018979558
386,100790,-1.9910480798915051
387,008470,0.6299601002863733
388,138580,-29.926477893691025
389,032850,1.5005103219388933
390,143240,2.97497252958003
391,014970,-1.215104727658907
392,225190,-16.601032066342928
393,032280,-1.299549987294567
394,002290,2.161296454413884
395,037460,-1.0483658929177733
396,032750,5.765988128461901
397,046390,0.12295051353874925
398,027580,1.2471758005432072
399,091580,1.274025912919147
400,038070,1.503208614293639
401,065710,-5.049186450260501
402,148150,-2.6355803591936526
403,017510,-2.304741881361023
404,108860,-0.6301422557132952
405,066910,4.299169294481217
406,154040,1.682693533241723
407,084180,1.1756831490756108
408,236200,-3.0267711200639997
409,253450,-0.8489129213378588
410,033170,-5.672241953393786
411,025870,-0.35111039107879993
412,215600,-178.20801791356934
413,099320,3.0045608286758108
414,013990,0.29457849653555407
415,050320,18.923300229182587
416,052710,-5.240525614929769
417,092040,-0.024652830639066915
418,038880,7.389547748644538
419,123010,-3.9114174011803238
420,290740,-9.72172492715633
421,275630,-26.329774123533095
422,306040,-0.00826824109989319
423,080440,4.747321406123732
424,237690,-10.917359276986163
425,138360,-3.52426974649684
426,073540,3.951958516057772
427,036810,1.3349543481188426
428,007530,1.6843929639652815
429,036000,-14.599980668403328
430,046120,-2.9170360632586756
431,052420,1.4109380065474704
432,073560,-1.2470932980427774
433,101170,0.6872802042448398
434,066590,-2.3591749297992615
435,012620,-0.8129682604369994
436,192390,-6.616500547058396
437,313760,-1.6746163007001376
438,086390,-16.055343957942643
439,206650,4.3866952260508745
440,191410,-7.394098033488108
441,067920,-11.392988678834504
442,044960,0.696515614885822
443,088390,16.745371455072725
444,264850,-1.7218559584457098
445,052190,-7.469037083282151
446,083470,-8.61296627099071
447,091120,-6.071252014024873
448,181340,-15.457667520196539
449,099750,-11.910528179022515
450,041830,-7.862278423350648
451,060150,2.3656187343108837
452,175140,-2.298242779469352
453,115310,-36.17714745448766
454,039290,-1.8548396844867223
455,049550,2.6324556048676513
456,110020,34.18701741566193
457,208140,-9.901380806277313
458,225220,39.30745679627784
459,090470,-28.30196048127709
460,322510,2.3202614379084947
461,052670,-3.7407589785236652
462,041590,-1.9740618265928362
463,101730,1.883075233283689
464,067000,18.41693878317007
465,239340,-8.091841317647773
466,043610,1.0821924237137137
467,263860,-9.237793938397912
468,208350,-13.598718965751718
469,114570,-11.703371514145685
470,094850,-41.52836110441075
471,278280,-1.0412390878558249
472,047820,-1.7506418947275662
473,078340,-37.77626697062253
474,025880,-1.2852452796213416
475,105330,-5.823307247448134
476,047770,-6.592740765727778
477,290510,-0.9436279377089708
478,049430,-1.6450399859703435
479,041960,-0.4800187410853661
480,045970,-1.6909885713167592
481,102940,0.7040286376284367
482,033290,-4.470369391530843
483,056360,-1.0184096189955374
484,182360,-0.8245879387240647
485,083790,3.6209522012993416
486,237880,0.07370247641170602
487,191420,-0.1679637677069813
488,073640,-2.3956524752492596
489,066700,0.05379428865705146
490,131970,-3.28537671404231
491,277880,-1.0655806527651752
492,043200,14.438282538930167
493,208340,-12.443181109239525
494,150900,-11.260092155586802
495,038950,8.064042124627537
496,068050,1.693920167211215
497,263750,-47.94599008151146
498,251970,-4.536979042006489
499,093380,0.11168367369282728
500,237820,-3.482508504123092
501,131390,-0.03566710703972974
502,137400,1.2532934760963135
503,347770,-6.966800804828978
504,067310,-1.295348636265768
505,039340,5.472758248633326
506,034950,8.70463653655219
507,318000,-0.019744560640389562
508,256840,-5.632706832363147
509,023890,-2.4306520508245173
510,017890,5.498579174906076
511,063570,-3.2688996961400916
512,053300,0.03734526876101891
513,025770,-5.278403128555425
514,037230,-0.8967530852733472
515,030520,2.1997954811195317
516,024740,-0.9896482330461609
517,054920,0.3256448135314689
518,002680,2.5606193206804497
519,053660,-10.787703783227844
520,011080,0.28147866514461595
521,290270,-22.654941554086424
522,028080,47.34022556390976
523,189980,0.2173435335505655
524,282330,1.1912452623448628
525,138930,0.04172018659933548
526,004840,-1.268597930620204
527,006360,1.016154794317379
528,039570,-0.6560409134160895
529,025000,2.4723952967292115
530,058860,0.5162505177405964
531,001120,-0.6418695378547257
532,023150,0.2903533778504716
533,034120,1.0609599776332885
534,101060,-1.0125934483693586
535,017670,-0.8478208971539484
536,035250,-18.532310670988526
537,030610,0.006057373777990852
538,002720,1.9547793200118662
539,001570,-1.6870973232046156
540,002350,-2.060160870122764
541,005250,-0.45354222027937763
542,072710,1.3822815662737444
543,058730,-4.827635929027904
544,019680,-6.115182369931091
545,001880,1.9663857217008813
546,069620,-0.7098652861602746
547,012510,-5.738503717695061
548,004830,2.136392189507342
549,007590,1.0351812874678803
550,026960,-0.8757448235745572
551,102260,3.9973796102301695
552,000640,-0.6607612729871164
553,001520,-0.8237985636447438
554,082640,-0.07488043223174733
555,006040,0.6866735422235501
556,003160,-3.311985021928311
557,013570,-0.4349841077762778
558,026890,2.4721125244031863
559,004000,0.5480288984488658
560,002270,-0.6405986154912094
561,090370,15.402294318166877
562,017180,-5.156978407938867
563,009680,0.4778123789343675
564,134380,0.04972875679113698
565,002410,2.880493988522926
566,005180,2.1811428433748983
567,207940,2.1403834143117324
568,018260,-0.5030570338355356
569,016360,0.055453191110677036
570,029780,0.108542164507334
571,002170,5.944539062502819
572,002810,0.40180370041079494
573,009770,5.104796731234666
574,248170,4.766710527362874
575,200880,0.4934894948581782
576,003080,1.3655694353682266
577,306200,3.031826984781864
578,308170,-0.9350177357210205
579,336370,2.676110753380555
580,004430,0.3830617616164894
581,011930,2.1890242632088643
582,031430,-0.17151916597141323
583,031440,-1.766679130983975
584,001770,-2.750015945855353
585,004920,-0.5439183700692369
586,183190,-1.1575655392261066
587,018250,-6.0233383711721995
588,244920,-14.597998757311512
589,181710,1.4024983267929854
590,011330,0.45877588600523084
591,011690,1.900241194470208
592,003460,-0.021873447657088794
593,025820,-1.3097951801726548
594,084680,-1.6489436587089341
595,003120,-0.5701692384160973
596,194370,-3.404009303329433
597,025620,-16.68283449719344
598,001550,1.136263008144978
599,120030,-5.172845111963032
600,063160,-0.22353881137267423
601,013890,-4.747458098511338
602,051630,0.26973899217642733
603,005070,-1.0451378495269739
604,021240,-0.7543987260026722
605,284740,8.255210868685804
606,012170,-7.483260420246691
607,007980,-1.090413028818648
608,055490,1.239876894083061
609,078000,-7.003530687202499
610,036580,-0.7544355917082597
611,016800,0.7719261105540123
612,005810,-8.645848883476635
613,071090,-1.416152799385008
614,000080,1.3784484445480016
615,004090,0.49039207590947137
616,002200,2.0995315289338548
617,123890,-44.2881313915631
618,025890,1.6209264389711382
619,024720,-1.2929131369144378
620,047810,3.7658962426435307
621,060980,-0.07063330960964666
622,008930,1.5865729018901138
623,009240,-4.025922109920945
624,004150,0.6032876114033903
625,011700,-1.9749590288984336
626,000880,-1.2727728240635379
627,012450,0.46155813024843756
628,005380,-1.1206041510549947
629,126560,-1.0491292180433085
630,094280,-0.06819630649947828
631,005870,-5.724126750062746
632,079190,-4.802972002500554
633,950170,-9.956981380333515
634,021320,-0.5839672095858959
635,036670,4.040053181367277
636,044180,0.11099721636506374
637,151860,0.4391483608925829
638,046440,2.146563347533026
639,160550,1.673152014542499
640,950110,-0.6842235587820266
641,063440,-2.889685302166868
642,121600,-3.5684315660647044
643,267320,3.404519552360845
644,137940,-5.515380272713966
645,041140,2.811395908122826
646,278650,-6.794898132132203
647,069140,1.4031758980065356
648,900100,7.443110278085645
649,039560,-1.024663474459252
650,068240,0.34572652901967266
651,007720,-0.4924025107555787
652,036480,-0.10255945913316376
653,005710,-5.078715909036566
654,090410,-5.610270893335118
655,139050,4.818480590184679
656,261200,-2.219888267747554
657,025950,-7.417996971465001
658,032960,-1.9313612975250432
659,073190,1.8781686697377578
660,060570,-4.6842713163936835
661,043360,-1.6800163030602373
662,068930,3.0362017075890537
663,187220,-1.8248444860801487
664,050120,-1.843783785857503
665,171010,1.1038614981893897
666,217500,-8.739277616605456
667,141080,7.384335288616689
668,294140,-4.275421067458538
669,090360,-7.112827402500233
670,012700,78.96934672607739
671,054180,-1.7590909530344978
672,078160,0.24579684166588472
673,049950,-17.9806564831355
674,064550,40.592130443106456
675,019010,0.05111303576455405
676,177350,-6.75820989262891
677,250000,-9.06371764892443
678,014470,-0.02953915941113737
679,064480,7.270993816453266
680,054090,1.3173029222868202
681,024950,6.0538322249425445
682,017480,-1.0226535926388904
683,079650,-9.499903135147523
684,122690,0.3066007892035236
685,045300,-2.7868626931139793
686,015750,-0.8972297517478458
687,100700,0.9143109429426715
688,043100,5.784292791210992
689,058530,6.581138298262828
690,192440,-2.503457052777923
691,131100,-7.5660425462634215
692,159910,0.5428382138186236
693,020710,-6.858831000023144
694,131090,1.6711334190291571
695,290520,-16.711718995139
696,226330,58.732241014799186
697,108320,-0.402144787406873
698,222420,-2.7804058219249175
699,136510,-13.987633082989397
700,115530,0.544050155757413
701,225330,-3.4504033391429987
702,101240,-0.47783566077892
703,036010,-7.133778998701456
704,332370,-0.6834791559444163
705,052770,42.24836977368625
706,013310,-0.4410697236146638
707,067160,-0.10702128765497357
708,347860,11.515151515151521
709,085810,-4.296808083925331
710,196300,-1.5115990198098035
711,205500,47.62253651531472
712,238090,-2.0136521294627325
713,174900,7.834676761771109
714,109610,-2.2778127015415457
715,234300,-6.6552182865465
716,288620,-4.828325010617369
717,298380,-106.67233297477259
718,003800,0.32874510188567363
719,039230,-3.452973548675895
720,072990,4.981953235385772
721,224110,-1.0250984125592275
722,073070,-12.035463884525377
723,205100,-0.4179111353451092
724,067570,0.3767719301270857
725,183490,-8.824939232056375
726,182400,44.035011805503636
727,069410,4.2982143214793584
728,096870,4.288555827329351
729,037950,-4.185714128196525
730,060850,6.052217366075291
731,122640,-7.2905602495036055
732,226400,-3.870243677491992
733,067170,-2.6358144526372027
734,273060,-4.105180680606344
735,104830,-0.5113780568067053
736,008370,2.016910786897682
737,069080,6.121059339068858
738,044340,4.617564564919323
739,112040,-1.7503532765890597
740,089850,1.419970085529165
741,264450,1.6049102180773747
742,084370,-1.8443833198823671
743,039020,-0.239790406155659
744,073490,9.270353047453568
745,272290,1.6173967734214674
746,054210,1.610431235962205
747,115610,-8.372110717565265
748,086890,-0.40730481616311814
749,277410,-3.0523008430390814
750,033230,-0.7004553389971558
751,049070,2.159556220939123
752,189300,-2.4889277749762906
753,221610,-4.526575601807035
754,049630,4.213362896129098
755,065620,8.961980833397337
756,204270,10.998417234228608
757,089790,4.1393703214521675
758,036180,-3.562534403025487
759,086060,-3.1711347148430247
760,036890,-0.5414278827069428
761,284620,-82.80593958013317
762,317530,-3.582308096272158
763,180400,-4.429729069985018
764,050110,-0.7883991417222433
765,032500,10.029557482393349
766,024880,-0.9422456325395596
767,094860,-6.887776299158047
768,078940,15.228998469430552
769,224060,-4.269697367385495
770,190650,-3.466923550401302
771,183300,-6.3168811866293835
772,121850,7.9094179939225695
773,043090,-20.76693494299128
774,054780,1.6561982508696815
775,065130,-1.3219389010901863
776,124560,1.717833582328552
777,200230,4.526387724045832
778,051360,-2.664782953270406
779,322180,-9.048930887316347
780,356860,6.846403613197142
781,034230,-0.4227652624591879
782,177830,0.22923533393331053
783,037030,-1.5602305818030566
784,038160,-27.54147022874104
785,053610,-2.1904702357740256
786,319660,14.052307157790063
787,087600,18.56326746993105
788,161580,-4.2512230925509
789,023760,0.3078724183286117
790,032300,0.12395550453106907
791,039670,-8.550614472415424
792,046110,-1.5930666142174366
793,220630,2.7947902764797985
794,084990,-14.92053099747046
795,037440,-1.4419866013488813
796,000120,-0.10173858057890588
797,069730,0.49663508410895024
798,114090,-30.070556290887296
799,001060,-2.5536756430028382
800,092230,1.9970445965483905
801,044450,0.0002999376552033956
802,093050,-1.9240893444802887
803,108670,-0.7582244868290181
804,051910,-2.7176622071462115
805,079550,0.5803794422755274
806,006260,-0.3901759009701253
807,035420,-9.062495907604236
808,034310,-0.6288543183485167
809,008260,-0.3189940356382953
810,005090,2.5177194122615063
811,002360,-9.661540451807573
812,001510,-0.16795779743697048
813,000660,-12.180824273042674
814,012610,-0.42164572365139963
815,009140,3.7145102700792196
816,001140,-0.2453329007840708
817,092440,-0.04015746424290442
818,006280,-0.4837644636972928
819,008060,-7.771943728374673
820,008110,-0.4532751733549374
821,005750,-1.913538718369761
822,009190,-4.208797032868719
823,012800,-1.3182450613153605
824,001230,0.7341456001488734
825,002900,2.606410588184417
826,000020,1.1528458169475495
827,034020,-0.9498605032511896
828,001530,1.2583918770722564
829,092200,-3.281360846603088
830,032350,-2.886575504215133
831,033920,-3.3275063228318333
832,007120,7.319222444222445
833,155900,0.9992088207720049
834,005030,-0.7114645475354558
835,030790,16.640018664007876
836,014710,-0.3476842522462375
837,028260,-0.27440696585062035
838,005930,-4.764523481936531
839,001360,-0.6469292260046159
840,023000,-0.48849323139485634
841,004380,-3.7676186708599135
842,000520,2.2858164520900726
843,005500,-2.427387426533787
844,004450,-1.7570891013686507
845,007860,0.7970071824199327
846,002820,-0.3953204124418228
847,004980,-0.9484983118463888
848,002420,-0.5467765471594731
849,019440,-2.3372801254410347
850,013000,-0.5581260294580785
851,021820,2.8567429877194592
852,075580,-0.7194831749097536
853,145210,0.21384128100624614
854,068270,0.09013132979889572
855,004970,-4.810317543999314
856,005390,-1.2028622845580328
857,004170,-1.3245796519054538
858,090430,-3.2400704087061993
859,002030,0.03101861574616151
860,010780,-4.490739983510603
861,123700,-0.5267350685321359
862,138250,-10.385913079844897
863,085310,2.665863455474323
864,004250,0.6667033093583608
865,111770,0.8768718414873085
866,009970,0.7865990061224996
867,118000,1.3105664301312174
868,017370,-1.2110995691591397
869,105840,-0.9934125205713051
870,049800,0.30218272983134675
871,014830,1.0499712542609219
872,001200,0.009595083564299278
873,008250,-0.3183986272503376
874,214320,-1.3745806136541596
875,102460,-4.121723591506826
876,006490,-1.0234285898043156
877,226320,-6.942325256064354
878,004910,-0.9911317382542232
879,000480,1.5185194705178533
880,272450,-45.781309714145415
881,009310,-2.0936147724463012
882,003070,2.156582351684205
883,006890,3.360157868357573
884,214420,-5.140448017122501
885,001020,3.7022737994782133
886,005490,-1.431581141373184
887,007630,5.04760263034569
888,293480,-3.742112912938892
889,002960,0.9508135927298726
890,104700,0.07240958296998828
891,003350,-3.2999186928894186
892,053690,2.1958682493643087
893,010420,0.23295396790862197
894,001750,0.6303399918129358
895,097230,1.634971636381056
896,003480,0.5774343818863563
897,267260,-0.16111884171674148
898,004020,-1.5725036336803278
899,032560,-1.5190861476772084
900,241520,5.470434053021714
901,122450,1.0602471707318335
902,104200,5.586339959682448
903,099220,-0.6786736641602379
904,040610,-0.3422606726208921
905,036490,-0.2970088338328343
906,950180,-38.03225670191793
907,073570,15.852049665608993
908,079940,0.8297271072550154
909,039240,-0.47003860544200304
910,060480,-3.502024649008571
911,204620,-19.008054944724645
912,019660,0.660345722520408
913,187790,-3.883966257294587
914,253590,0.7168865752148814
915,042420,7.648162021670589
916,153460,7.527883192164999
917,065170,-3.2807927417049036
918,194700,-1.5369967998148564
919,108380,-0.4578621641650924
920,007680,-4.059477549253172
921,054670,3.9712540543269883
922,035290,-1.5652799581371026
923,317330,-10.156598219703307
924,077360,1.2150666206348466
925,086450,-0.013880288072074604
926,005290,2.0292410173127045
927,187870,6.959689464801233
928,263690,9.933076548026477
929,033430,-2.1098328656554215
930,171120,2.4142448444315083
931,281740,-3.4976206653380952
932,029480,-1.24450391720258
933,042500,0.012989919319482221
934,147760,-2.7927361593448996
935,127160,-3.679859910969186
936,215200,1.0612545273837584
937,235980,50.38872065803324
938,059090,-1.9890421439893995
939,214180,-2.3075000013515847
940,035620,7.569350665332401
941,032980,1.1788109203567045
942,206400,77.52356336693376
943,148140,-4.500107870883549
944,082800,10.214216894493894
945,083650,-0.3602227355995245
946,042600,-0.15762904885410628
947,019770,1.0095950443056507
948,046890,-1.5543294171922177
949,093920,3.0534432630179134
950,123420,-23.378159533443636
951,043260,-0.33844832613177694
952,234340,-20.18749446332332
953,094840,0.2871498170404915
954,115570,-1.3201271549146036
955,025320,-5.92996886303805
956,017000,-3.4686119270095337
957,243840,0.16275700266690957
958,264660,-5.507645807955682
959,060590,1.6346318965261109
960,246720,12.685193478671755
961,154030,0.47027203271193657
962,227610,-13.013765176748672
963,307180,-11.090239669809113
964,185490,76.80890726234614
965,175250,-0.8118965716468324
966,052460,-13.30615739706648
967,065660,-4.184704960123108
968,140670,-1.826098863119324
969,217480,-8.622159517187699
970,298060,117.59234422620253
971,900080,-6.926156682399417
972,041910,3.494001351618415
973,054630,-3.4513335970966166
974,195990,-2.108169713542124
975,088800,-4.013176448502795
976,176440,-21.08923704217707
977,239610,14.584877505098392
978,089530,-4.363982459448906
979,200470,-0.30061162512142964
980,109960,0.24901989991192885
981,038110,0.15725988978741678
982,054940,-1.126769611522849
983,217820,0.5454158241362241
984,031860,11.506084749219761
985,208860,14.70358370989285
986,198080,-0.8062684894928146
987,290650,-2.3153684745887966
988,083310,-7.743498489949252
989,169330,-9.888033148482071
990,347890,1.5238602701536066
991,259630,-3.8127969138300566
992,053280,1.6689085362151668
993,900300,-13.433480641494228
994,082210,-1.4373187500777365
995,153710,-2.3973383369818277
996,122990,-4.601878983424804
997,232140,-5.9119421949876765
998,114630,2.125945719664982
999,072470,-1.055284734122185
1000,103840,0.7089184522441863
1001,018620,3.1187625697133505
1002,032940,4.082263949770571
1003,024800,-1.352535179223269
1004,263770,-0.7857375538443566
1005,065440,-0.13152758536372156
1006,102710,0.8263981873052978
1007,063760,-18.790232417567367
1008,035810,-1.6454169014163473
1009,096040,5.508998119795866
1010,017250,-10.313410847398817
1011,035080,-0.8198432798758081
1012,051370,-3.883346247224621
1013,065530,-0.9949163890524514
1014,217190,3.877470423099261
1015,095700,-0.13463649738283653
1016,072520,-10.378842426015753
1017,122310,0.44367445937370215
1018,159580,3.0991852871987664
1019,033100,4.4113546489622575
1020,033320,-3.901824344997413
1021,044060,2.0540505174331676
1022,094360,8.710104576437374
1023,307930,-0.5458965606486998
1024,192250,13.914122427022573
1025,115500,1.1383736697854168
1026,093320,-1.0243106413714191
1027,217600,2.5030472687094085
1028,036690,-2.7931749357079867
1029,089890,-0.8114721684690797
1030,241710,-2.231242709003537
1031,029960,4.7314097385987095
1032,052330,-4.678324158023118
1033,200130,2.065121234514659
1034,016600,-1.7147722167079853
1035,219130,-0.3020838837161106
1036,023160,-0.10497800261732058
1037,045340,4.940505931921234
1038,117730,-5.2542054008226895
1039,214450,-2.9470620817441002
1040,049120,-2.7557101414583385
1041,131760,-2.8417840016998213
1042,087010,-7.961073441012881
1043,056730,-7.062657717763716
1044,023900,-1.340307867963263
1045,214270,0.037234501915310025
1046,220100,2.3699371532839244
1047,051380,0.9119130040225975
1048,031980,-13.142184778878963
1049,149980,-1.728439059158945
1050,106080,-7.8336074214632125
1051,080720,-8.581649687912266
1052,054040,0.8646935669437043
1053,053590,4.722074652406827
1054,226440,-10.795863404076503
1055,005860,0.6693492815442568
1056,900270,-3.518069764124254
1057,061250,-0.22483780949860988
1058,097870,-2.5695153151562162
1059,243070,-0.6444351989764409
1060,145020,-8.10042041159093
1061,084440,3.6911822660098537
1062,095570,0.3862372902807258
1063,006840,-6.2308501931421345
1064,001040,-0.40311621166815337
1065,011150,-0.45000598709505113
1066,016610,0.2370324154676339
1067,139130,-0.007651671817869037
1068,017940,0.06360369069603987
1069,007700,-4.836522187048003
1070,092220,-1.230040331342476
1071,001940,0.09792085323143682
1072,003550,7.440716436850425
1073,034220,-4.2411983280040095
1074,229640,-0.8874536672620936
1075,003570,2.6032399982217327
1076,036530,1.4528600380321772
1077,010950,-6.642578279359817
1078,001740,-0.1463865987522789
1079,285130,2.116999918732172
1080,012320,-3.312867437658386
1081,013580,0.3852932696578672
1082,005320,13.280879442675072
1083,003920,-2.6166346304277717
1084,025860,0.8938488494875952
1085,090350,0.5855163843644726
1086,001680,1.8361579257138985
1087,016710,-0.23976014223720352
1088,084010,1.4731520808298928
1089,069460,-0.53092899162321
1090,145720,-3.034521291089843
1091,049770,0.5484272262694802
1092,336260,1.7187062593748563
1093,001080,-0.2945782577119935
1094,005360,-2.5587553591473418
1095,008420,-2.1195236224906524
1096,085620,0.0783665838041513
1097,003650,1.2405746291450732
1098,001340,0.03912721983323977
1099,007210,-1.592308723097573
1100,026940,0.318220557102156
1101,015350,0.34882155104156604
1102,002070,0.5327662057455708
1103,100220,-8.559614220568113
1104,007160,-2.0473326349854064
1105,001470,4.414662884142405
1106,006660,-3.9109356988801642
1107,032830,-0.07270717738182027
1108,009150,0.9278384419858032
1109,145990,0.4102616450856373
1110,272550,0.5565344204927499
1111,004440,-1.4240562785105118
1112,009470,-1.1555781264972564
1113,007540,4.205648884490224
1114,008490,1.4301420869118406
1115,001430,-1.5189572680493957
1116,027970,4.347271075938339
1117,017550,1.0223417199036504
1118,034300,-0.16801593862080427
1119,005800,0.21124277333487285
1120,001720,-0.0045396148403335215
1121,009270,0.15328304341278465
1122,002870,-5.231530814392471
1123,033660,-0.08174762351580306
1124,005850,-0.5710776508196889
1125,007460,-0.6278208714909852
1126,900140,1.3627906855258207
1127,010120,-0.5547152286504017
1128,271560,4.002602848514366
1129,316140,-0.12656142377834687
1130,006980,0.6422745315290554
1131,010600,-12.776559023565493
1132,000910,1.0321943257854875
1133,003470,0.04834944443284872
1134,103590,0.49456891333947506
1135,004700,-1.7661979492010376
1136,018470,-1.1157420050408207
1137,002780,-5.386234306529882
1138,035720,1.530285598771397
1139,009070,0.5351222134410193
1140,030200,-0.36066621497767193
1141,003690,0.09253500290948204
1142,044820,-0.5529603382654982
1143,144620,1.8617041124472151
1144,264900,0.6271906315566538
1145,005740,0.7389513917837852
1146,039490,0.05098698301256103
1147,011280,0.016955430567557557
1148,001420,-2.3033363942454845
1149,019180,-0.30407826376431346
1150,028670,-0.20761027269738616
1151,090080,0.7865298947634828
1152,039130,-13.117101695805536
1153,172580,0.6161212485774753
1154,000240,-9.336623912673442
1155,010100,1.6089551948476104
1156,002390,1.8825005438509803
1157,069640,-5.472206326962103
1158,213500,1.1146672811751588
1159,014680,3.0132271236868453
1160,004710,1.145371348474642
1161,002320,0.8324954659943011
1162,195870,0.5262283592082664
1163,079430,-1.188273856610244
1164,069960,-1.8569729627601734
1165,093240,0.22752221513702106
1166,003010,1.0280376621507863
1167,002460,3.1311451848383873
1168,079980,0.5968697054286329
1169,023460,2.3911544175707404
1170,068790,1.2712745271788748
1171,130500,-2.041950971778471
1172,024840,-0.5229128093018974
1173,052900,4.65759144237405
1174,058400,-1.5857763371491425
1175,114450,-1.4369873375043065
1176,036030,1.2761055652098177
1177,060370,-1.5187073250268301
1178,046140,2.2290125765643425
1179,049470,-0.6746712317505836
1180,289080,-14.466291223745914
1181,048770,-1.4837246086796294
1182,246690,5.917785140932811
1183,057030,-1.0873804973390888
1184,052220,0.6680374716562179
1185,078890,-0.7840013105441267
1186,011040,-1.8579493894794925
1187,900280,0.052341151738767855
1188,090150,4.198365575456014
1189,066620,-5.56400699828466
1190,032860,-0.6417861680201222
1191,089600,-1.2981037720822404
1192,036800,-1.7364772719697252
1193,111710,1.5492014986749538
1194,212560,-0.019118215403269436
1195,095660,9.392360335685948
1196,311390,-2.0947345670462227
1197,225570,42.35367273199911
1198,104620,-9.040826345961273
1199,285490,-0.703459544737444
1200,060260,0.22991848456466651
1201,064260,-0.29750862955118607
1202,048910,-1.4086719769967406
1203,131220,0.7861914002598328
1204,021040,-2.976532010914714
1205,067080,-0.7015170007770344
1206,041930,-0.7907573190411337
1207,228340,-6.239295890795852
1208,263720,2.004172896615242
1209,196450,1.1572991749413237
1210,079810,-4.370558734955661
1211,317120,-11.555017487220873
1212,300120,-36.686329372043666
1213,069540,-9.925936310083467
1214,084650,34.71283320987932
1215,900260,-5.099359039839108
1216,016100,-4.122124112086504
1217,302550,3.152368002453598
1218,277070,-2.304775939067769
1219,195500,0.4907249662259252
1220,133750,11.694474991123252
1221,241770,-27.82263841626566
1222,101330,-4.1837117183543375
1223,033200,-5.531264735119323
1224,038460,-1.693255861126187
1225,225530,-2.75204170169751
1226,288330,53.31544667514819
1227,263920,-6.822166882464236
1228,086670,0.29919144138350573
1229,082920,-1.0448834935406388
1230,053700,-1.3401372340878719
1231,054540,1.2944840577901908
1232,000250,-2.9543251241932644
1233,263540,-7.107594434711332
1234,092190,-1.7200761655848713
1235,063170,-2.199521374039907
1236,011370,-11.694608899054481
1237,037350,-0.38687738979702646
1238,081580,-6.023671434675531
1239,053060,-0.4975219810283334
1240,214310,-3.928574637618375
1241,234100,2.7977612163063776
1242,024830,0.7999261257346879
1243,051980,-14.151090535641092
1244,268600,-124.79358434521484
1245,258790,0.16342002914641288
1246,033790,-1.6371073367230962
1247,048870,3.914967555167119
1248,065350,-0.5882990007717377
1249,056700,2.436463561009546
1250,217330,12.218013468013472
1251,059100,5.249486467740402
1252,032080,0.5795945043791598
1253,053800,0.8294535558495365
1254,131370,9.213136266477315
1255,131400,-4.573589864357926
1256,019990,-0.4491902296561796
1257,041440,-2.6831575678922883
1258,038680,-2.7514164890167403
1259,121890,7.757538314600579
1260,031330,-0.629110285473318
1261,052020,-28.50719395091046
1262,058610,1.0767685607784592
1263,262260,4.8827289459717615
1264,089970,-4.364680846766049
1265,230360,15.767574162971583
1266,038870,5.180697068879983
1267,128540,-3.420324215765252
1268,064850,0.7080353139772471
1269,064090,-32.75602800103709
1270,083500,5.078440651471528
1271,317870,-6.696810908271356
1272,138690,2.8776770610686637
1273,073110,-5.614467151149427
1274,179290,0.7775533012842887
1275,123040,-0.35096629529966783
1276,033160,-10.212095702655802
1277,138080,10.899702533930897
1278,244460,-18.598635973635975
1279,155650,-3.18708289020138
1280,251370,1.3788950390154964
1281,193250,4.628245825237748
1282,332570,-3.7375313352822057
1283,115440,-7.307558445274857
1284,037400,2.759089397745286
1285,240810,-6.0616561127014
1286,065370,2.2184865147944497
1287,018000,-3.814418423137565
1288,011320,-2.5362345708558065
1289,069330,0.5042636681315966
1290,049520,-5.722130759232797
1291,080010,-4.029250893484974
1292,095190,-1.2396532595239933
1293,294090,38.01173402868321
1294,160600,-2.2032074328734756
1295,134060,1.6193119864193675
1296,001840,-0.7071466141503051
1297,071200,-1.2457262366807396
1298,068330,3.408058523083269
1299,950140,5.4448050424319
1300,045510,-1.5361437544813006
1301,137950,1.3152202322831843
1302,058420,9.757091778530215
1303,064800,2.8747268577675937
1304,033340,-4.867837140706692
1305,072020,-0.28531706518808225
1306,115450,-1.5297288471360464
1307,016920,-1.3580101459174074
1308,293490,-2.122701303483102
1309,042000,-7.032396846466002
1310,073010,5.354544750626916
1311,115180,455.5087719298247
1312,900250,-7.802329307636228
1313,045520,2.7478644631654605
1314,214150,14.070031541461523
1315,044490,0.34568735234483955
1316,182690,3.1963217552157595
1317,215480,-8.29500582119636
1318,057680,15.416557086499987
1319,064760,-1.4702510897105445
1320,104480,-4.2866437765472
1321,084730,0.33443136344482616
1322,027710,0.3840083089166216
1323,290720,-14.805979260544436
1324,053160,-6.3280597765698685
1325,075130,-0.22147313488709064
1326,128660,-0.009211773967718976
1327,166090,-0.27564972032854435
1328,025550,-0.39409747679710255
1329,041460,-3.5639935373764238
1330,021650,2.5558340094301095
1331,256150,4.316713422658154
1332,016790,-1.8755160632027754
1333,092300,-1.7195875188809393
1334,064240,3.1572207930340195
1335,200670,-1.4950910975403093
1336,084110,0.08530781883016765
1337,024060,-0.9321641412229907
1338,027410,1.0924287575577933
1339,000590,-0.6456928865741585
1340,012030,5.280486474317547
1341,000210,2.5037675101132475
1342,007070,0.36707074262080697
1343,012630,2.0977195722035886
1344,234080,2.339556909728141
1345,009440,-1.852003068884707
1346,000040,7.549519212230103
1347,032640,-0.7564276147914762
1348,005610,-1.9333391199686418
1349,002100,1.4259247878434609
1350,267290,-0.3190667744159951
1351,000050,-1.9565455152606157
1352,002240,-0.8868266919804129
1353,009290,0.9131725002435773
1354,037710,-0.3664808898707412
1355,007690,-1.2550892873901125
1356,008870,-0.888937561157732
1357,073240,1.4331756363262231
1358,006570,-1.4981757835701541
1359,003540,0.015713150445471835
1360,000430,-1.180385085025105
1361,006340,0.1795843834790419
1362,024890,-2.1305992305619883
1363,002880,0.43204276667572283
1364,192080,3.754180695568029
1365,005960,0.7657768891156704
1366,002210,-1.623530153619889
1367,170900,2.557839777237482
1368,084670,-8.515798787460941
1369,008970,4.043462271689516
1370,030720,0.6902543278071381
1371,023530,-1.0229293712022387
1372,000060,-0.14534452675285708
1373,268280,3.5634591252758274
1374,003000,-2.003681657758089
1375,011390,0.19915252216400797
1376,002450,-0.176909248108231
1377,004690,0.3478323989178271
1378,004410,-0.36912131753076943
1379,000180,0.3612479575649121
1380,033530,-0.341852798075683
1381,134790,11.07457450390135
1382,020560,-2.1738857577708255
1383,001780,-0.37925851232608515
1384,025530,-0.992227299245051
1385,007310,-0.2719523558580922
1386,002920,-0.4880774981734242
1387,007660,0.30612885406471363
1388,093230,3.9933968328766305
1389,014990,-5.582639061562559
1390,015860,0.8430779902850732
1391,317400,-1.5320110207752309
1392,033240,-7.385975955327814
1393,000950,-1.2189430594685264
1394,036420,-3.9355683217159454
1395,030000,1.2033188843385234
1396,035000,-2.1363054971659143
1397,010640,2.9082129384176714
1398,002380,-1.964704093633858
1399,192820,0.7621457830136067
1400,031820,-2.9042456182744694
1401,014580,0.3758164664546836
1402,091810,-22.56739707476009
1403,010820,1.8786481655113998
1404,047050,0.8960161711598629
1405,153360,-350.00000000000017
1406,010040,-1.6977194134715112
1407,000970,-1.2046694642307147
1408,123690,-13.903690203275694
1409,014790,1.0234859745725144
1410,042700,-3.8198568293906843
1411,020000,1.0571071685672249
1412,105630,0.5495069904598879
1413,025750,-1.0629509800850467
1414,009420,2.60619694531688
1415,130660,3.234405283437858
1416,000370,-0.3251332603136773
1417,143210,-1.3580613900116125
1418,307950,-0.8263430060892305
1419,241590,-1.0439589079800682
1420,133820,-2.2436379932112236
1421,010660,-2.1100653897504693
1422,298050,-1.4748111302169398
1423,093370,-4.977992488380744
1424,081660,1.1998219630057747
1425,005010,-2.1495770591528234
1426,060310,-1.240913677959948
1427,051500,-1.6049861276923694
1428,035900,8.032335828077764
1429,218410,-4.260380003144736
1430,114190,-11.40529318501224
1431,053950,-2.017303464735733
1432,049720,-3.4203352170588897
1433,038530,-4.955212385688352
1434,026910,-3.5248466744686433
1435,186230,0.343501249032252
1436,900070,-0.37200654964308294
1437,035460,3.370021838943714
1438,242040,-4.0503197549498715
1439,130580,-11.092022731366995
1440,033640,-2.3725682359866695
1441,020400,0.48849701082986813
1442,017650,1.6182998715809613
1443,020180,-1.1133902101495952
1444,060900,-0.46124421185103937
1445,075970,0.540401984501185
1446,088910,-14.158736064086684
1447,094170,2.538944469511549
1448,223250,15.075577125856748
1449,110990,-3.221855957376244
1450,131030,5.636425517424121
1451,105740,1.0594448448212015
1452,263020,0.8661584095754363
1453,290550,-1.4970580146781167
1454,042510,-20.1998558079527
1455,214260,4.117783814024094
1456,039980,-4.54751236836683
1457,019570,5.722199594424299
1458,098120,5.94700482028826
1459,140410,35.47566208969721
1460,080420,-3.009136814319587
1461,012860,1.0353649297398408
1462,279600,-1.657262332084748
1463,095500,-0.5675419290667635
1464,213090,-1.7368874542447188
1465,950190,76.05966386554623
1466,142760,20.639914460678792
1467,043150,-2.5770734290743356
1468,323990,12.499999999999979
1469,100120,-3.8197401155096724
1470,066980,-3.9126398191877994
1471,033560,-9.0047297294067
1472,121800,2.8631256319458602
1473,090460,-3.3853933440603807
1474,042370,1.3251854742026725
1475,238200,-7.113733296702805
1476,065450,1.7142943585045527
1477,100090,3.446566889912492
1478,009620,1.3179429900226218
1479,038500,-0.6786029981152775
1480,089980,-0.7008920030352584
1481,006730,-0.1027367694034361
1482,027040,-1.4468414589790122
1483,357550,1.606553785747404
1484,003100,0.18275741405350718
1485,067770,12.552459560457368
1486,252500,6.50192199526375
1487,331920,-21.130952380952376
1488,299660,84.00468050468054
1489,950200,-9.712930815479721
1490,050960,-6.24814515406531
1491,253840,24.69140743975182
1492,099440,-2.947011491139986
1493,001000,1.6058091783587305
1494,187270,-4.749153091013498
1495,037760,-2.7531138629912117
1496,066790,1.8064813841617673
1497,096530,28.051075142565793
1498,058220,3.7939604203045083
1499,127710,-2.515704328676984
1500,054800,-0.27495823831808985
1501,214430,-5.486080471342545
1502,027360,2.8053967125153756
1503,001540,-2.1980906392856747
1504,196170,35.80682295697843
1505,123750,13.731315505228553
1506,117670,2.9698398797650367
1507,293780,232.34782608695662
1508,255440,-11.797702855303216
1509,097780,1.1073967968215488
1510,060540,-1.1157061072856431
1511,080000,0.4029678273581676
1512,098660,0.3513560802633199
1513,028300,-1.804468576775454
1514,071670,0.8552677168877477
1515,064510,-3.2065760027999226
1516,173940,-4.3076354582979075
1517,101400,9.707451116510475
1518,061970,1.1861952303626377
1519,297890,-15.920272591845588
1520,009780,-0.3601223434331647
1521,032790,-1.5339536614594733
1522,115960,1.0045587467229709
1523,080520,-2.5786329792354876
1524,065500,-2.8357168529354624
1525,053980,-2.295403086970692
1526,080580,0.14093056513189817
1527,067900,3.34581293305685
1528,066430,-1.8500391033202943
1529,122870,-3.5995347275651213
1530,041190,5.854613608391788
1531,065680,1.4737263884056477
1532,053580,6.3136535809434005
1533,071460,0.5090323970222794
1534,330350,-2.3948865410688525
1535,299900,-12.265960628625797
1536,136540,5.2137345842107745
1537,320000,-4.209568634129301
1538,048430,-1.0224419892604706
1539,263050,-1.6044348333504959
1540,072770,8.355213405420104
1541,060230,1.9112781286668936
1542,053350,-2.7280872126688998
1543,258610,-2.6586406483487393
1544,037330,2.0941153902491094
1545,216050,-0.5785062226782568
1546,019540,-2.1266365405855914
1547,026040,-11.510603062327199
1548,033050,-0.5709485372445231
1549,303030,3.285882635550484
1550,018120,-1.493429195258929
1551,066360,-7.310769621183514
1552,221980,-0.9976836449054098
1553,089150,-3.0565189591366204
1554,256940,-8.412850257410248
1555,052400,11.536878322665926
1556,080530,15.763758599124449
1557,101670,-4.179498565305559
1558,082660,-1.0651987667788272
1559,069110,-4.007614514983752
1560,166480,-0.8311444850190565
1561,060280,-1.4110950432770324
1562,040350,-24.37464906365246
1563,053620,0.14502767443662398
1564,089030,-0.5344702734312475
1565,079970,1.4206037174473591
1566,062860,1.2016038975297965
1567,321550,-43.094848923551126
1568,106240,11.496880680646917
1569,318010,-14.169503428840022
1570,054300,-4.815918459077038
1571,043370,-0.9196261030049987
1572,119500,-0.6491000519183161
1573,022100,0.21184998159191681
1574,023770,98.45828705868601
1575,241820,62.08336777135622
1576,062970,-6.777831675964109
1577,070590,-3.8324176091857187
1578,079170,-0.5905894816836714
1579,086960,-1.9662559789943166
1580,220180,1.7588244774847144
1581,170030,1.3602493428536149
1582,126640,1.626636507348094
1583,205470,15.421402964622924
1584,065510,-1.1044249278384783
1585,010240,1.8002158736011424
1586,000990,3.8864714138755496
1587,082740,0.7203623098228825
1588,016380,2.0237268615029063
1589,030210,-0.5878798417651894
1590,058850,1.0580025031147597
1591,051900,-0.5541772227453678
1592,004060,-3.8721558332923496
1593,009160,-0.5184346038256507
1594,011790,-0.924477756977
1595,018670,2.5794889367592244
1596,210980,3.9958996358451158
1597,068400,0.15794339375416827
1598,077970,0.08506075522163029
1599,071970,0.33841256627403365
1600,002710,-1.2296650498320483
1601,000500,0.43750285939691236
1602,214390,-2.675778933581758
1603,012200,-1.6321060216506522
1604,002140,0.19531739212522436
1605,017900,-2.619541608914158
1606,000270,0.5906577608096696
1607,005720,-8.392503765118441
1608,003580,-2.8047772613169952
1609,004370,1.0630639537729747
1610,023590,41.87982660563634
1611,128820,0.2554068901749912
1612,000300,-0.5716424846100833
1613,001440,0.030670701165815262
1614,001130,-0.9791452097757345
1615,003490,-1.4549173245913465
1616,003830,1.0595390754162533
1617,023450,5.897784582043571
1618,004140,0.5304567891542367
1619,282690,5.166425946856865
1620,092780,-1.747830467870635
1621,014820,0.06018980778460153
1622,210540,-0.4546010712443341
1623,138040,-0.14204250601872853
1624,009580,-1.3393479496006109
1625,002840,3.9285980804027005
1626,003610,-1.8327874705889198
1627,003850,2.6945281732822064
1628,006090,1.1543374734088268
1629,006110,0.4430664195915513
1630,010960,-5.008646455311579
1631,011230,2.9937791715237267
1632,000390,0.23870617956327742
1633,075180,-5.549566773830197
1634,014910,-0.5774014830324058
1635,003030,0.4387013139503999
1636,035510,0.6150142389618648
1637,102280,5.025658714448032
1638,003410,-0.2025150770997582
1639,008700,1.7918991894043996
1640,002310,1.6008384200078902
1641,267850,-7.051256028713029
1642,161000,-2.4561927087175426
1643,023960,-2.431275648975104
1644,298690,-11.536504575401281
1645,015260,-2.727164526582471
1646,009810,-1.9703938028222692
1647,012160,-1.772511551868851
1648,002630,0.9290226432962045
1649,001800,2.512199562314686
1650,070960,-1.7578550545018576
1651,016880,1.3297590150493603
1652,005820,0.1434001286133891
1653,077500,-1.0196962039159922
1654,074610,-2.232807645136178
1655,101140,-10.083169471373699
1656,249420,-1.1748378750637625
1657,007110,0.37907618730539805
1658,007570,1.0952597660377381
1659,044380,7.929093814078251
1660,010580,-2.2902647534581453
1661,003780,4.879909139786204
1662,001620,0.7491879382638025
1663,029460,-1.041282638736409
1664,053210,0.9959138183224571
1665,002020,2.2562073478432825
1666,004870,-17.15462336883865
1667,005690,9.058054203682065
1668,010770,0.03713169052138105
1669,017810,-0.7370898480949698
1670,000140,1.1558097082607544
1671,025540,-0.835094650300894
1672,009540,0.875439544421955
1673,017960,9.260833428732326
1674,128940,-1.4835111609221514
1675,004960,0.3689135280607014
1676,014130,-0.4661692836218605
1677,052690,0.0893115465768487
1678,272210,0.36042875155283444
1679,003530,-0.1003651190621825
1680,086280,-0.7231258034149912
1681,004310,0.7174521066105055
1682,267250,-2.2650904737453375
1683,001450,-0.28004244760676694
1684,013520,-0.8112046323723354
1685,298040,-0.45343927102785425
1686,298020,1.2977447968759224
1687,045890,-4.318608999976302
1688,078150,-11.638842574652193
1689,095340,-1.2196136892327345
1690,035600,3.4095438709921346
1691,219550,-39.55033043268339
1692,053290,-3.3326705952983464
1693,060250,4.084297603789803
1694,019550,4.1217847972241755
1695,255220,-4.484272872105191
1696,094480,0.46231552351153776
1697,014570,2.6891210714686125
1698,053270,-1.4021621392014962
1699,078130,-0.02183092606567722
1700,053260,-0.18419884613235346
1701,049080,-7.058167324630921
1702,151910,6.477957662667202
1703,091970,4.879313230683473
1704,051490,-1.0237195905366192
1705,293580,-2.930823232480035
1706,168330,2.7329828425694207
1707,290660,7.798385916197974
1708,142280,1.9760551790306191
1709,214870,5.073831010698628
1710,008830,0.15612899296361757
1711,004780,0.05410271992043588
1712,317850,-2.6001781275155973
1713,290670,-22.116026420303523
1714,025440,-1.1661937129883815
1715,027830,2.7237026695667845
1716,006580,2.2756862519491463
1717,120240,-1.1914101857327413
1718,140520,-1.0276529686928446
1719,263600,-1.6882911322102985
1720,194480,21.279633383207518
1721,033500,10.50055073713444
1722,060380,0.2183070576057009
1723,079960,4.562952231588938
1724,023790,-2.4631674752281776
1725,066670,-2.0857110922050666
1726,109740,-14.386799006343281
1727,227100,-13.266356261911406
1728,113810,1.4365664434543761
1729,267980,1.2555695009270016
1730,141070,-11.756324103639148
1731,067280,-5.576645012342719
1732,072870,11.91613675173701
1733,065650,-5.86045595428433
1734,087260,0.7994052015807978
1735,201490,13.030583872987025
1736,018700,9.543454033321039
1737,208710,-4.698196279644928
1738,086820,-0.22871270247229017
1739,086040,-2.303987306270901
1740,036620,7.90862609269338
1741,299910,-78.63644851880147
1742,126340,2.6113630793305105
1743,093190,-4.905849734749861
1744,018310,-7.805618903090697
1745,038540,-0.9303290674966215
1746,263810,-3.3024139598160085
1747,178320,-2.104897673297526
1748,140070,-4.359871188689499
1749,171090,-4.713350940239461
1750,014620,2.118687123070074
1751,032680,1.0743340183081926
1752,158310,-27.78293401927203
1753,138070,-1.9324133600708673
1754,036710,1.8841134540544238
1755,049960,-19.900304063654556
1756,260930,-17.304897991356054
1757,125210,0.4077363312507664
1758,074430,0.35975340449024656
1759,143160,9.35390560471897
1760,339950,-18.116524346196485
1761,052860,-8.18562417244916
1762,069920,0.7902384186415374
1763,101390,-3.5327468333331153
1764,226350,1.73447821707761
1765,059120,-6.070534178910895
1766,158430,-2.220754244693714
1767,148250,3.303452562980755
1768,291650,8.527777777777796
1769,052790,13.814359301320863
1770,092600,7.118244838515831
1771,041510,-0.529294166551433
1772,039440,-4.577170042566438
1773,047920,8.111756811215711
1774,044780,-1.066008403189521
1775,045660,3.7006209330508164
1776,086520,0.26074912456435106
1777,247540,-0.5048288660452357
1778,236810,-9.602414130933393
1779,156100,0.9474254183910816
1780,014940,5.334127808715224
1781,010470,-2.094742947084709
1782,241790,-1.7442528664476105
1783,031510,1.5090220261702663
1784,032820,-3.2382465305119617
1785,046970,3.9240653377212222
1786,215380,2.9051733875977663
1787,053080,-4.276933078579935
1788,030530,-2.8418015778491226
1789,101160,4.665279822775394
1790,076080,-0.1031590044792364
1791,196700,-1.0953350339978307
1792,900340,-17.170545201676127
1793,036200,-1.8005779653675225
1794,142210,-1.4088999391612356
1795,023410,0.9622305393057382
1796,056080,-9.428052185590404
1797,086250,-22.262371282677655
1798,215790,-3.8905319892266563
1799,041520,3.0602109588044244
1800,078020,0.08474490195535196
1801,226360,-18.217178666132995
1802,088290,-2.0119360611203385
1803,090850,2.159710184923544
1804,092130,1.4023978802541168
1805,024810,-1.6644778931796476
1806,150840,-19.76236864130305
1807,048530,17.895917974149132
1808,041020,23.96578424240721
1809,058450,2.5366395986868926
1810,094820,-2.2753090692685474
1811,187420,-2.1353008285290453
1812,123330,5.396865268304852
1813,147830,2.669018859676134
1814,229000,23.09295352323838
1815,000440,-0.29589191782256274
1816,204840,29.24337616867739
1817,109820,21.75678234524548
1818,004650,3.498940948611333
1819,096240,0.079571987428899
1820,013720,-1.532318225526831
1821,900310,-12.14418427835462
1822,263700,-4.2017301302248145
1823,214370,0.564382829855577
1824,272110,-1.7867597260084132
1825,083550,11.31084579973697
1826,225430,-5.161850202130452
1827,064820,1.6234740610128058
1828,089010,4.1482756944302
1829,220260,-4.60663374949343
1830,046070,-0.6253503990154343
1831,123410,-0.2644113536798083
1832,009730,-7.4329786143867995
1833,051780,7.210794173331994
1834,130740,-0.9676277548289397
1835,140860,-1.0137211373849917
1836,091700,2.958006188274847
1837,032800,7.625615930015856
1838,222110,-4.904929662497091
1839,009520,-0.751826038187739
1840,256630,-1.8106895939201226
1841,141020,-6.019596075476906
1842,237750,-2.379885195685688
1843,057880,-5.72737360115266
1844,003380,-1.3349238734756714
1845,106190,-2.2099740757154587
1846,004590,0.16199265624063455
1847,101680,2.7234936572172637
1848,047080,5.26968577428353
1849,042520,-7.144465066319289
1850,052260,-2.618507342720616
1851,039010,-4.597937305790554
1852,050090,-1.9491959766801192
1853,090710,-7.9323028404132625
1854,112190,0.4424650653743572
1855,001460,2.693947773976454
1856,005830,-0.16108791168453593
1857,078930,-3.2160305661670114
1858,011200,8.14663449597377
1859,175330,0.11226915204381592
1860,000680,-4.244061646417255
1861,005940,0.17954673102531282
1862,034730,-2.3707949172819487
1863,006120,2.287754608308912
1864,024070,-0.38663000638003847
1865,000860,-1.426021715786956
1866,009450,-0.2732078027320408
1867,017040,1.559378789528631
1868,083420,2.732091601880331
1869,011780,2.895316616485469
1870,214330,-3.004348556518353
1871,004540,5.653181202667622
1872,001260,2.51147833643538
1873,000320,0.929507299499177
1874,000490,1.7236467910832602
1875,084690,1.8923572445828187
1876,117580,-0.16432250308966034
1877,009320,-1.94204054267493
1878,042660,-0.8145410498576661
1879,015230,0.6696030872071623
1880,016090,-1.2841484697764738
1881,002150,0.17184786309705247
1882,005190,7.467482992926439
1883,028100,-3.14063018629499
1884,163560,1.3112974335088086
1885,004890,-4.432755157905707
1886,002690,-0.11844744716018099
1887,016740,-0.36580779697716065
1888,192650,-4.840418492286746
1889,004990,1.2122905095431835
1890,012690,3.5053737741109896
1891,009200,-0.9444538302556699
1892,025560,5.6643661920052235
1893,006800,0.05306732228844241
1894,000890,-0.11347479868012236
1895,001820,-3.547621125329579
1896,041650,-2.979159700800875
1897,017390,-0.07581742780950954
1898,012600,1.7838457501097125
1899,016590,1.604668598831994
1900,029530,-7.145676212048649
1901,004080,0.07836147449383958
1902,015540,-7.869178830055598
1903,112610,0.7204025571149436
1904,002790,-3.0953205922884472
1905,012750,-0.6468741185420387
1906,326030,70.79778934888748
1907,003060,-0.11028446098936454
1908,006740,-0.008714409523993969
1909,015360,-0.4407308478196235
1910,004720,-4.212133859693487
1911,010050,0.24106617510816292
1912,010400,-17.165074080904557
1913,095720,-2.035884352360143
1914,000700,-5.512989031104937
1915,072130,-3.5934534242857508
1916,008730,-0.6391544935859695
1917,000760,-1.645161772552136
1918,023810,1.0982835311064474
1919,003200,-1.1326758746401806
1920,020760,-15.486871780358756
1921,020150,-2.5326414125666843
1922,006220,-0.05829236965905211
1923,089590,-16.990403809205958
1924,185750,1.9495849155579648
1925,100250,0.6583894217047791
1926,000650,-5.822358612392255
1927,033250,-0.43828085463028393
1928,006380,-11.696337105161632
1929,033780,-0.15540620520778886
1930,003240,-1.2444149340003015
1931,009410,0.4736001447872073
1932,103140,-1.9489232490535524
1933,086790,0.031845254540345445
1934,036460,-0.09767856878172682
1935,015760,-0.2563479920195622
1936,161890,-2.1067609314733455
1937,011500,1.3955109587024408
1938,003680,-0.10886827986477206
1939,016450,0.590925846074592
1940,300720,0.10252533092882783
1941,003300,0.36326569987019486
1942,051600,-1.186768155568933
1943,180640,-12.352079008469435
1944,005110,-4.612773564035814
1945,000720,-0.6212280309818086
1946,005440,-0.265826060476353
1947,064350,0.16256836900431754
1948,010620,0.7038322465711008
1949,011760,0.6089456009035754
1950,010690,-0.08335878761623412
1951,069260,-5.109393993666052
1952,000540,-0.25946502817062783
1953,265520,1.377596549678088
1954,211270,-0.10255303377660974
1955,900290,-6.93651990053382
1956,065150,-12.91400988531463
1957,078590,-5.700959962850398
1958,178920,-2.0449538119402106
1959,091340,-0.6376679773568962
1960,036540,0.4078147763350884
1961,016250,-2.9194686539619323
1962,089230,-0.16317322263153017
1963,161570,15.75152637598891
1964,032540,-0.8706389754991302
1965,040300,-2.2679259206548754
1966,121440,1.2409460789200375
1967,036190,-0.2539569537281097
1968,308100,-3.986530776534645
1969,190510,7.452017067225055
1970,144510,0.3879731529450254
1971,234690,-4.8612750554349775
1972,054050,-0.18889817520817653
1973,126870,-4.216777476204185
1974,270870,-0.9459456498520113
1975,119860,13.325881231509056
1976,032190,28.889745892970634
1977,048470,-2.705010646003277
1978,010170,-8.016063666372522
1979,298540,-1.5404638310645002
1980,263800,-3.222061609921161
1981,206560,10.156168798563122
1982,067990,1.848966606830541
1983,005160,-0.28213033699652273
1984,013120,-1.922916690965125
1985,109860,2.099646151447181
1986,025900,-1.4817061513180536
1987,030350,-14.425321177784875
1988,203650,-2.1905407461229913
1989,217620,-6.864183524069078
1990,104460,8.111127292146467
1991,197140,-5.337386143092075
1992,106520,-2.0277436513050056
1993,060300,-59.60264192263815
1994,108490,-3.4963813751869175
1995,071280,4.436146805755064
1996,038060,1.2560461468732724
1997,085370,0.773680596122841
1998,058470,0.9056368275119021
1999,222810,-12.530342014303791
2000,305090,-23.17336034583613
2001,038290,-2.2425257260893177
2002,093520,-4.614065789316732
2003,041920,9.07136701560744
2004,096640,17.69260301374555
2005,100030,7.4596646556525865
2006,218150,-1.6585134164081539
2007,064520,5.492275667004598
2008,267790,-24.892739924332197
2009,046310,4.524227077086863
2010,066410,1.8655746257539958
2011,006910,2.9636711187682816
2012,251630,-15.906302811353
2013,018290,5.056250833763409
2014,318410,5.19687998962048
2015,200780,-1.755200510699763
2016,141000,-7.594962739243687
2017,054220,14.068552849975806
2018,072950,-2.2053779553779562
2019,122350,-1.060277291801639
2020,065570,-2.268553388303108
2021,101000,5.881725536033665
2022,294630,-12.088810017630458
2023,043710,-9.586922722035073
2024,018680,10.243636872670297
2025,189860,-4.382109914992605
2026,035890,3.578989973697112
2027,039310,-2.5934843066046906
2028,091990,1.6818717485856247
2029,036830,-6.831839969927784
2030,304100,-48.80131362889983
2031,086980,-5.2084755849736615
2032,317770,-9.79560026460509
2033,002800,-2.929817009759848
2034,012790,-0.5037376711353395
2035,160980,1.9537867671709448
2036,208640,94.53024453024454
2037,050890,-7.292424173817705
2038,222080,5.684507809530524
2039,297090,-0.45524213221903465
2040,025980,-2.1502893914832857
2041,083930,5.561169081501459
2042,050860,-1.5244714640867698
2043,067390,-2.5273503718937285
2044,289010,-9.539082739896115
2045,090740,3.7335389276153585
2046,119830,-0.41116852232501006
2047,084850,-1.018017514921426
2048,297570,1.8702667872572507
2049,030960,-1.271946400181695
2050,238120,11.444232913689154
2051,042110,-2.2753109392907502
2052,056190,-3.032762566510171
2053,069510,-1.4420011021061871
2054,050760,6.546455256661341
2055,317830,-3.368634810167327
2056,200710,3.8692111664924833
2057,312610,-6.554904467044527
2058,067630,-2.0066810849818397
2059,043220,11.947013559874556
2060,230980,-2.703665048383804
2061,230240,-9.038264707896326
2062,354200,29.059829059829042
2063,227950,2.262281451885261
2064,066970,-4.455260081225834
2065,170920,0.7582666097435032
2066,033310,-3.6764428935415987
2067,143540,5.973972505212951
2068,036560,1.331109141713086
2069,250930,0.4472591683683036
2070,039830,-1.3209285914639302
2071,039200,-20.72949136062786
2072,173130,-0.26637889589839575
2073,226950,-35.08072989091809
2074,057540,-1.666122480388102
2075,079000,-5.754860863052038
2076,215360,-1.6489050280211914
2077,153490,3.1028433462625853
2078,046940,10.366543186204385
2079,038620,-0.07358029668508188
2080,097800,4.04921731882474
2081,032620,1.36990819118472
2082,287410,-16.666666666666668
2083,056090,-0.697699278675858
2084,302430,-16.136380892149553
2085,246960,-3.0683624801271923
2086,215090,-5.85324543771371
2087,164060,1.5694197890829638
2088,036260,-7.144993638676847
2089,067010,1.4637537172358146
2090,101360,20.002509657288837
2091,039030,-0.4637001529992377
2092,352940,1.8080802166488494
2093,119610,-3.119921736266507
2094,101930,0.27761136154864297
2095,043910,2.166460892944125
2096,022220,-2.258796632565751
2097,054950,-1.5014997141841
2098,126880,4.074399764852988
2099,038010,-1.6108697664342686
2100,216080,0.43462536111002714
2101,228760,-21.040954179640316
2102,051160,5.201053271253339
2103,053050,-0.5893121396480124
2104,270520,-4.506947008562899
2105,111820,-10.006597057427625
2106,219750,-6.952013748504713
2107,007370,3.9185722928909916
2108,085660,0.5046215878222089
2109,311690,26.867391867391873
2110,043290,-2.3046258610677293
2111,039420,-1.7787893062060676
2112,033110,-1.7521660938778816
2113,104540,3.139783236780702
2114,027050,-0.7968743917581128
2115,950160,85.92510924080972
2116,282880,-6.527062202638654
2117,015710,-1.8942576920728418
2118,317690,30.931467889274273
2119,066310,-0.007898450527301381
2120,114120,-1.9822474665506846
2121,110790,-2.929786729934426
2122,036170,-5.457029172855125
2123,095610,-7.192461696995678
2124,054450,-6.001522473828672
2125,091440,-0.9865027640528615
2126,108230,-29.557825580015738
2127,105550,1.4376549395220237
2128,033830,-1.5655781912581608
2129,081150,-0.045729620231736656
2130,046210,15.506143860709145
2131,047310,-3.2691354137779114
2132,170790,11.014545695847646
2133,016670,6.74306110293331
2134,189690,-3.628603045906795
2135,094940,-1.6540404899538033
2136,195440,-11.34418324291742
2137,035200,-3.489107243970323
2138,300080,313.3333333333334
2139,347740,-25.753924847530993
2140,006140,-1.0224876552688562
2141,136480,-1.8839113137576846
2142,013030,-2.6840909105728854
2143,126700,-8.606265306619239
2144,066130,2.0681955943045467
2145,039740,-1.9750547016632247
2146,052600,-1.335425059920303
2147,092460,1.8503072600668709
2148,045100,1.2275226344673098
2149,066110,-2.068097752274148
2150,102210,0.5683527267685924
2151,076610,-3.8331546673861663
2152,008800,7.428187338624729
2153,060560,0.3714163409675809
2154,238490,9.131550556752993
2155,239890,1.5961557036607732
