,회사코드,회사이름,corr
0,155660,DSR,-0.9993962327340478
1,001250,GS글로벌,-0.03206314008085527
2,294870,HDC현대산업개발,0.9578625129996587
3,001390,KG케미칼,0.6930762797006329
4,011070,LG이노텍,-0.7452398334498396
5,066570,LG전자,0.09209698940516492
6,037560,LG헬로비전,-0.9835066821443375
7,010060,OCI,0.09258930508325168
8,100840,S&TC,-0.9505448329919607
9,064960,S&T모티브,0.946987320509317
10,096770,SK이노베이션,0.6432381021788697
11,011810,STX,-0.8796917880017027
12,037270,YG PLUS,0.5235714531921796
13,011420,갤럭시아에스엠,-0.5491025936058506
14,010130,고려아연,0.23905014145062795
15,014530,극동유화,0.20725832393616994
16,013700,까뮤이앤씨,0.6049572328641857
17,008350,남선알미늄,-0.9607838626643024
18,014160,대영포장,0.40407326386930265
19,003090,대웅,0.5902245996361308
20,006650,대한유화,0.8806678738266337
21,000150,두산,0.6829961945843697
22,241560,두산밥캣,0.6348281530984
23,115390,락앤락,-0.0286761674418841
24,286940,롯데정보통신,0.8353921132763436
25,027740,마니커,0.08074426316947975
26,204320,만도,0.7968507803086053
27,008560,메리츠증권,0.5685593820655849
28,001270,부국증권,0.32444556162676885
29,006400,삼성SDI,0.9880055146173737
30,028050,삼성엔지니어링,-0.8589079762518383
31,010140,삼성중공업,0.43898390116142266
32,068290,삼성출판사,-0.7400105332928906
33,000810,삼성화재해상보험,-0.9005007583188531
34,000070,삼양홀딩스,-0.04236841818276509
35,005680,삼영전자공업,-0.9806324301424794
36,003720,삼영화학공업,-0.4385388038570493
37,001290,상상인증권,0.5558128986186374
38,007610,선도전기,-0.2988016417620428
39,004490,세방전지,0.00032408575819947293
40,091090,세원셀론텍,-0.06881915756644343
41,055550,신한지주,-0.9072060399385284
42,003620,쌍용자동차,0.30148666100016175
43,011090,에넥스,-0.21708808979483502
44,012280,영화금속,-0.7393526691202855
45,008600,윌비스,-0.0850427651993255
46,033270,유나이티드,0.4016710174503832
47,023800,인지컨트롤스,0.5928318316206443
48,129260,인터지스,-0.00800170139571751
49,013360,일성건설,-0.2675422649258756
50,081000,일진다이아,0.6127877785521272
51,001560,제일연마,0.9049873637931518
52,002620,제일파마홀딩스,-0.2918276455960604
53,002600,조흥,0.5986970205580242
54,071320,지역난방공사,0.3620354198031234
55,088790,진도,0.8714386002681782
56,120110,코오롱인더,-0.9951608471372364
57,020120,키다리스튜디오,0.5250506601454882
58,015890,태경산업,-0.9498092442722279
59,004100,태양금속공업,-0.277319938421357
60,058430,포스코강판,-0.8305034294631838
61,005430,한국공항,0.36663405014534506
62,023350,한국종합기술,0.026470214513310854
63,009180,한솔로지스틱스,0.828106440060857
64,002220,한일철강,-0.8185090251710517
65,006390,한일현대시멘트,0.14164456222818655
66,009460,한창제지,-0.8799002716142729
67,088350,한화생명,-0.9780063586013953
68,267270,현대건설기계,-0.8226453088739688
69,012330,현대모비스,0.9255109805547883
70,004560,현대비앤지스틸,0.48019423693886737
71,017800,현대엘리베이터,0.5197212744914602
72,001500,현대차증권,-0.32001169523899853
73,057050,현대홈쇼핑,-0.7506159891377082
74,111110,호전실업,-0.938834421816812
75,245620,EDGC,0.8341903170696405
76,083450,GST,-0.7895581581863105
77,028150,GS홈쇼핑,-0.7245456876304469
78,099520,ITX-AI,0.6896724347323039
79,067290,JW신약,0.8243975862812966
80,024120,KB오토시스,-0.018940280360263066
81,060720,KH바텍,-0.3231167924167025
82,051390,YW,0.3252772637194157
83,223310,경남제약헬스케어,0.6959859110399678
84,024910,경창산업,-0.06157024598625917
85,198440,고려시멘트,0.7936630406688733
86,215000,골프존,-0.4739686941023103
87,043650,국순당,0.9736194411921317
88,204020,그리티,-0.2903391068233678
89,286750,나노브릭,0.49591177981376117
90,056000,네스엠,-0.8540389306425072
91,085910,네오티스,0.9151711458763968
92,007390,네이처셀,-0.23247817179702293
93,031390,녹십자셀,-0.49669538952461306
94,085670,뉴프렉스,-0.07087632259273996
95,078140,대봉엘에스,-0.02911325878995325
96,290380,대유,-0.1060965595397892
97,290120,대유에이피,0.21928919647884845
98,003310,대주산업,-0.057468803298618094
99,023910,대한약품,0.18411752704033332
100,006620,동구바이오제약,-0.378778172562059
101,099410,동방선기,-0.35080686629635527
102,196490,디에이테크놀로지,0.7994014711826268
103,066900,디에이피,0.6032801259277053
104,127120,디엔에이링크,0.6077050752528531
105,033130,디지틀조선,0.8923942634853328
106,060240,룽투코리아,-0.6751015543175602
107,219420,링크제니시스,0.39243915077946717
108,086900,메디톡스,-0.14319771474804413
109,021880,메이슨캐피탈,0.13625431720386236
110,327260,메탈라이프,-0.8065525501804179
111,080160,모두투어,0.8374305673306489
112,118990,모트렉스,-0.508075194009224
113,028040,미래SCI,0.9891821076470874
114,207760,미스터블루,0.9870090679515794
115,206640,바디텍메드,0.9588622443816431
116,053030,바이넥스,0.6445118097607031
117,023600,삼보판지,0.6145839917942343
118,111870,삼본전자,0.9016066615845946
119,042940,상지카일룸,-0.4117146383529149
120,100660,서암기계공업,-0.7537081522937702
121,080470,성창오토텍,0.8586569495659309
122,011560,세보엠이씨,-0.9142190888575923
123,258830,세종메디칼,-0.48502406704064
124,036630,세종텔레콤,-0.9855305499949135
125,053450,세코닉스,-0.6901652180126548
126,049180,셀루메드,0.9291111701404975
127,208370,셀바스헬스케어,-0.1256065081181248
128,068760,셀트리온제약,0.4951732777010476
129,053110,소리바다,-0.6872619794320326
130,204630,스튜디오산타클로스,-0.1572387780958311
131,013810,스페코,0.24890543276851396
132,222800,심텍,0.5965086563166987
133,010280,쌍용정보통신,0.19711606830399564
134,115480,씨유메디칼,-0.3676506961893176
135,900120,씨케이에이치,-0.5279420993104029
136,123860,아나패스,-0.795252068353299
137,099190,아이센스,0.09357805752205695
138,040910,아이씨디,-0.47875344145851145
139,068940,아이씨케이,-0.9030665762807122
140,078860,아이오케이,-0.322186777807546
141,114810,아이원스,0.8210872900337406
142,031310,아이즈비전,-0.031519488323672226
143,124500,아이티센,-0.4246450644124358
144,260660,알리코제약,-0.9473793479520445
145,096610,알에프세미,0.6303505826725408
146,061040,알에프텍,0.3936340667205542
147,310200,애니플러스,-0.9142838001027154
148,102120,어보브반도체,0.37379160858608534
149,065420,에스아이리소스,
150,103230,에스앤더블류,-0.2609773115409784
151,095910,에스에너지,-0.8959784628994186
152,096630,에스코넥,0.13242335799754812
153,043340,에쎈테크,0.8543786563005548
154,096690,에이루트,0.9086155476347919
155,241840,에이스토리,0.5788896486550309
156,021080,에이티넘인베스트,0.27755816125277116
157,950130,엑세스바이오,0.7435823789946177
158,092870,엑시콘,0.6401498543210098
159,048830,엔피케이,-0.15763306401549146
160,058630,엠게임,-0.7859407239784505
161,019590,엠벤처투자,0.30561690573405326
162,097520,엠씨넥스,-0.24467207874602756
163,045060,오공,-0.9853224066393547
164,048260,오스템임플란트,-0.44825934828329717
165,049480,오픈베이스,0.5492062339043319
166,019210,와이지-원,0.15415852124952323
167,082850,우리바이오,0.4191851783751081
168,074600,원익QnC,-0.600761681574862
169,014190,원익큐브,-0.6862501953807212
170,095270,웨이브일렉트로,-0.5677577298838321
171,065950,웰크론,-0.0002259845403856624
172,036090,위지트,-0.34617570115157464
173,203450,유니온커뮤니티,-0.22009586645831714
174,241690,유니테크노,-0.417848935805421
175,078070,유비쿼스홀딩스,0.5082624635623721
176,054930,유신,-0.8528679880884578
177,179900,유티아이,-0.9746167116446743
178,047560,이스트소프트,-0.5803112459851669
179,900110,이스트아시아홀딩스,0.9021065647367268
180,087730,이엠네트웍스,-0.9679300501809394
181,123570,이엠넷,-0.027999071853205316
182,079950,인베니아,-0.2837102377228863
183,064290,인텍플러스,0.34386543071186804
184,254120,자비스,-0.563589154954846
185,234920,자이글,-0.9529024490469626
186,174880,장원테크,0.3338520885702961
187,040420,정상제이엘에스,-0.6056934044212093
188,079370,제우스,-0.34147599514979643
189,094970,제이엠티,-0.21403969791842922
190,023440,제일제강,-0.637477629636249
191,080220,제주반도체,-0.7097758863055195
192,082270,젬백스,-0.5853354882909095
193,034940,조아제약,-0.23915204255473407
194,036930,주성엔지니어링,-0.5075191568849513
195,119850,지엔씨에너지,-0.6109414371796638
196,065060,지엔코,-0.5640983352581547
197,071850,캐스텍코리아,0.19015653171892263
198,042040,케이피엠테크,0.36864440479063654
199,078650,코렌,-0.014405823786175411
200,126600,코프라,0.9593866912377913
201,043590,크로바하이텍,
202,139670,키네마스터,0.9123456463965602
203,246710,티앤알바이오팹,0.4657066548184037
204,131290,티에스이,0.1577814208112319
205,033540,파라텍,0.49015335652605596
206,037070,파세코,0.9151303076678949
207,065690,파커스,-0.38490518743151836
208,225590,패션플랫폼,0.9138572729047575
209,005670,푸드웰,0.8222291250036449
210,203690,프로스테믹스,-0.7111306515915967
211,032580,피델릭스,0.34074383970721267
212,221840,하이즈항공,0.9506494908908655
213,222980,한국맥널티,0.7216462342260184
214,050540,한국코퍼레이션,-0.4736878367569984
215,078350,한양디지텍,-0.25585213178354493
216,123840,한일진공,0.18649983095751332
217,048410,현대바이오,0.6188924305849068
218,039610,화성밸브,0.9798251432402686
219,115160,휴맥스,-0.9426768636619923
220,250030,진코스텍,0.4704621662512781
221,079160,CJ CGV,0.982164225590995
222,097950,CJ제일제당,0.8591305228286769
223,089470,HDC현대EP,-0.3188875708561127
224,096760,JW홀딩스,-0.9179809402455651
225,105560,KB금융,-0.9790031747185304
226,119650,KC코트렐,0.8971521595683615
227,001380,SG충방,0.3347277445197483
228,014280,금강공업,-0.397919584466109
229,002990,금호산업,-0.657117529151144
230,001210,금호전기,-0.7565583089299504
231,024110,기업은행,-0.014906723605413978
232,004270,남성,-0.7592425602211379
233,251270,넷마블,0.5916064577106271
234,006370,대구백화점,-0.6453143634514138
235,047040,대우건설,-0.5328570140458188
236,003220,대원제약,-0.8797443984661533
237,001070,대한방직,0.4604695701524128
238,001790,대한제당,0.7201548648800086
239,005880,대한해운,-0.9836986675064304
240,024900,덕양산업,0.6849415348734823
241,018500,동원금속,0.908682726044082
242,042670,두산인프라코어,0.31709673714350833
243,024090,디씨엠,0.2286751590844741
244,007340,디티알오토모티브,-0.1094584630641143
245,000400,롯데손해보험,-0.970980778132295
246,280360,롯데제과,-0.9602965860939272
247,005300,롯데칠성음료,-0.9270186772070873
248,011170,롯데케미칼,0.2020594514600893
249,071840,롯데하이마트,0.07449653973593139
250,107590,미원홀딩스,0.6397621343528066
251,035150,백산,0.3375795957904324
252,003960,사조대림,-0.05235016332638167
253,008040,사조동아원,-0.8212884193289802
254,003230,삼양식품,0.23191485162949094
255,136490,선진,-0.5061274883667808
256,011300,성안,0.6743690129306128
257,004360,세방,-0.7763785411070938
258,058650,세아홀딩스,-0.5483194736224412
259,067830,세이브존I&C,0.5831667376641788
260,006880,신송홀딩스,0.3890646967987758
261,002700,신일전자,0.9577239639690951
262,019170,신풍제약,0.15717106086190658
263,004770,써니전자,-0.19674138483733994
264,122900,아이마켓코리아,0.8416596524721444
265,003560,아이에이치큐,0.09814146528116646
266,078520,에이블씨엔씨,0.6691431303187483
267,036570,엔씨소프트,0.6371808997608757
268,014440,영보화학,0.9716160381070026
269,003520,영진약품,-0.7127600283365078
270,000670,영풍,-0.5166356652744563
271,047400,유니온머티리얼,-0.5113567848057753
272,000220,유유제약,-0.6858002657129368
273,000100,유한양행,0.48727504331468846
274,139480,이마트,0.44881485540143995
275,005950,이수화학,-0.2991104607538927
276,034590,인천도시가스,0.9207659226668456
277,008500,일정실업,-0.8818975349966437
278,001630,종근당홀딩스,0.38658630943028693
279,013870,지엠비코리아,0.2210585627770757
280,011000,진원생명과학,-0.5772654449327567
281,109070,컨버즈,0.5991316734605202
282,281820,케이씨텍,-0.9059420893491539
283,007810,코리아써키트,0.08308044056321971
284,005420,코스모화학,0.7814837823223432
285,071950,코아스,0.7259209631123298
286,138490,코오롱플라스틱,0.32935110116724037
287,192400,쿠쿠홀딩스,-0.9516741304577886
288,015590,큐로,0.7391124633697371
289,084870,티비에이치글로벌,0.43824311875563093
290,003670,포스코케미칼,-0.04840826782082703
291,033180,필룩스,-0.5315080941660797
292,019490,하이트론씨스템즈,-0.9961804138540489
293,071050,한국금융지주,-0.46286224584789576
294,006200,한국전자홀딩스,-0.8221129635735545
295,161390,한국타이어앤테크놀로지,0.4497859793588975
296,034830,한국토지신탁,-0.10407311498014268
297,007280,한국특수형강,-0.7736089872982204
298,018880,한온시스템,0.9700369199622004
299,009830,한화솔루션,0.6419271114343243
300,101530,해태제과식품,0.24448773476889782
301,322000,현대에너지솔루션,-0.1216032467829964
302,011210,현대위아,0.3552538010750728
303,227840,현대코퍼레이션홀딩스,-0.8430103649779789
304,008770,호텔신라,-0.039724356675986956
305,006060,화승인더스트리,0.7908276540076307
306,000850,화천기공,-0.33580749552752254
307,016580,환인제약,-0.35940349335096866
308,004800,효성,0.9631025216776322
309,298000,효성화학,0.7025111817450388
310,003280,흥아해운,-0.25140284136921504
311,054620,APS홀딩스,0.7666754864700286
312,035760,CJ ENM,-0.7945421230249516
313,058820,CMG제약,-0.31130031963288446
314,083660,CSA 코스믹,-0.14006176910104293
315,037370,EG,0.4854657933649971
316,036640,HRS,0.48167343583738426
317,030190,NICE평가정보,0.6524146596660967
318,024940,PN풍년,0.4315131277715378
319,048550,SM C&C,0.2925350223616374
320,038340,UCI,-0.07099002246573184
321,192410,감마누,0.07515550154841154
322,217730,강스템바이오텍,-0.2038568301994408
323,063080,게임빌,-0.3537496256202392
324,044480,경남바이오파마,-0.5432869917337951
325,098460,고영,0.7873986665401076
326,014200,광림,-0.34144368287769844
327,006050,국영지앤엠,-0.6395070059719393
328,039860,나노엔텍,-0.7726883012958142
329,138610,나이벡,-0.5666106100171299
330,091590,남화토건,0.37097133692824724
331,092730,네오팜,0.6431016771323022
332,089140,넥스턴,-0.10133981333280553
333,217270,넵튠,-0.07383127625848072
334,065560,녹원씨엔아이,-0.11916166880789422
335,040160,누리텔레콤,0.11654685978372817
336,144960,뉴파워프라즈마,-0.9088782486874737
337,104040,대성파인텍,0.30140879812942095
338,045390,대아티아이,0.3160932323044522
339,078600,대주전자재료,0.6337400539557739
340,096350,대창솔루션,0.6776379320330855
341,213420,덕산네오룩스,-0.3511367533685793
342,100130,동국S&C,-0.8286590229773149
343,088130,동아엘텍,0.3649570989299191
344,214680,디알텍,0.3401081829050831
345,134580,디엠티,-0.9010084933198292
346,039840,디오,0.7639830354910456
347,038390,레드캡투어,0.9772471062937571
348,228850,레이언스,0.43327587122001654
349,215100,로보로보,0.3893422684821456
350,005990,매일홀딩스,0.0698181150740864
351,100590,머큐리,0.9838738649847203
352,014100,메디앙스,-0.8912860137333343
353,059210,메타바이오메드,0.026421370555721992
354,058110,멕아이씨에스,0.8091082311813783
355,257370,명성티엔에스,-0.22738965130505562
356,001810,무림SP,-0.19430653497173347
357,100790,미래에셋벤처투자,0.28626336641268435
358,008470,부스타,-0.44230644165011096
359,032850,비트컴퓨터,-0.991117063215737
360,143240,사람인에이치알,0.19684165445824126
361,014970,삼륭물산,-0.7271534506080999
362,002290,삼일기업공사,-0.20560686472381515
363,037460,삼지전자,0.008357218348047863
364,032750,삼진,-0.4959001044863244
365,046390,삼화네트웍스,0.4484462061117382
366,027580,상보,-0.19266744743469302
367,091580,상신이디피,0.7362865568880358
368,038070,서린바이오,0.6896921605212284
369,065710,서호전기,0.767411652396149
370,148150,세경하이테크,0.04756307351467685
371,017510,세명전기,-0.5726597570343085
372,108860,셀바스AI,-0.566845925019458
373,066910,손오공,0.9596561221122762
374,154040,솔루에타,0.5465027245236037
375,084180,수성,-0.8885236082483005
376,236200,슈프리마,-0.800829706665016
377,253450,스튜디오드래곤,0.7663813634261225
378,033170,시그네틱스,-0.6228474317868123
379,215600,신라젠,-0.8963490175083464
380,099320,쎄트렉아이,0.9469695674820381
381,013990,아가방컴퍼니,-0.6064763176111112
382,050320,아래스,
383,052710,아모텍,0.4235117848035229
384,092040,아미코젠,0.48406386612562335
385,038880,아이에이,0.6784258188275228
386,123010,아이에이네트웍스,0.7463715524630442
387,290740,액트로,0.641888686804517
388,275630,에스에스알,0.800267485080384
389,306040,에스제이그룹,-0.9054206789935514
390,237690,에스티팜,0.44785237494210123
391,138360,에이씨티,
392,073540,에프알텍,0.3795797050551062
393,036810,에프에스티,-0.3243363783855372
394,007530,영신금속,0.6993472508808662
395,036000,예림당,0.7451650895484307
396,046120,오르비텍,0.9622397409466281
397,052420,오성첨단소재,-0.5627704187287431
398,073560,우리손에프앤지,-0.23165614119171882
399,101170,우림기계,0.5453625694307799
400,066590,우수AMS,-0.5818327539553632
401,012620,원일특강,0.10211855870745652
402,192390,윈하이텍,-0.7314647286521267
403,086390,유니테스트,-0.2910228414207931
404,206650,유바이오로직스,-0.6270611956066787
405,191410,육일씨엔에쓰,0.9087631813728512
406,067920,이글루시큐리티,-0.7490809036208715
407,044960,이글벳,0.8481990796358274
408,088390,이녹스,0.4516392561428049
409,264850,이랜시스,-0.43174678886235074
410,052190,이에스에이,-0.9946796549471306
411,083470,이엠앤아이,
412,091120,이엠텍,0.9503016756879948
413,181340,이즈미디어,-0.045806981424856535
414,041830,인바디,0.05132399767293216
415,060150,인선이엔티,-0.7295128275262546
416,175140,인포마크,-0.3603499300055216
417,115310,인포바인,-0.794382934852379
418,049550,잉크테크,-0.9632703453173765
419,110020,전진바이오팜,-0.24864806668287132
420,208140,정다운,0.8330446815666873
421,090470,제이스텍,0.7939222404845662
422,322510,제이엘케이,0.02297695815099607
423,041590,젬백스지오,-0.6594174594684171
424,101730,조이맥스,-0.675412668073276
425,067000,조이시티,-0.45433791099250964
426,043610,지니뮤직,0.31370602715957036
427,263860,지니언스,0.3480314192220975
428,208350,지란지교시큐리티,0.8560197142391164
429,114570,지스마트글로벌,-0.9491437135909144
430,094850,참좋은여행,0.7707288250598947
431,278280,천보,-0.6808661621956213
432,047820,초록뱀,0.38727368152868163
433,078340,컴투스,-0.5533810416045303
434,025880,케이씨피드,-0.8406112549238449
435,105330,케이엔더블유,-0.9777716628732115
436,047770,코데즈컴바인,-0.14561896548727027
437,290510,코리아센터,0.20220312167379817
438,049430,코메론,0.606328266459421
439,041960,코미팜,0.6401231279813836
440,045970,코아시아,-0.3445268893873247
441,102940,코오롱생명과학,0.5810721394515808
442,033290,코웰패션,-0.2522552888245263
443,056360,코위버,-0.33189891546410577
444,182360,큐브엔터,0.22782364214747391
445,083790,크리스탈지노믹스,-0.360135541914606
446,237880,클리오,0.5553678665490255
447,191420,테고사이언스,0.6826585666951644
448,073640,테라사이언스,0.21115439353797918
449,066700,테라젠이텍스,-0.8709001710520203
450,131970,테스나,-0.8804207625150567
451,043200,파루,-0.32978025860024535
452,208340,파멥신,0.6989951123389125
453,150900,파수,-0.28960263417138044
454,038950,파인디지털,0.8675686783546495
455,068050,팬엔터테인먼트,0.8610356829333056
456,263750,펄어비스,0.0065841851554365016
457,251970,펌텍코리아,-0.004858126932948935
458,093380,풍강,-0.25627475845188274
459,131390,피앤이솔루션,-0.3580068134992919
460,002230,피에스텍,-0.3966189421853843
461,137400,피엔티,0.5544126371482717
462,067310,하나마이크론,-0.037129585609606504
463,039340,한국경제TV,0.9497754752103169
464,034950,한국기업평가,0.10835473055188513
465,318000,한국바이오젠,0.8874880307218986
466,256840,한국비엔씨,-0.2746487042351444
467,023890,한국아트라스비엑스,-0.794376989716498
468,017890,한국알콜,0.5685627588989152
469,063570,한국전자금융,-0.8899256996535132
470,053300,한국정보인증,-0.2524153269889752
471,025770,한국정보통신,0.5677980950441979
472,037230,한국팩키지,-0.8737234107035805
473,030520,한글과컴퓨터,-0.026833612757846848
474,024740,한일단조,0.09903043280851087
475,054920,한컴위드,0.21318279936726894
476,002680,한탑,-0.8741794191778799
477,053660,현진소재,-0.9932727553082352
478,011080,형지I&C,-0.2621854051858388
479,290270,휴네시온,0.7428405810116798
480,028080,휴맥스홀딩스,0.8021230317271364
481,282330,BGF리테일,-0.407510795825287
482,138930,BNK금융지주,-0.8386789131702378
483,004840,DRB동일,-0.6503562596111899
484,006360,GS건설,0.11310807439375782
485,039570,HDC아이콘트롤스,0.7731584118965881
486,025000,KPX케미칼,0.11810699430295765
487,058860,KTis,-0.674463071530796
488,001120,LG상사,-0.772720250818482
489,023150,MH에탄올,0.22018610987702858
490,034120,SBS,-0.7843578540054599
491,101060,SBS미디어홀딩스,0.6822236115717917
492,017670,SK텔레콤,-0.6819132755810627
493,035250,강원랜드,0.6558413247963407
494,030610,교보증권,-0.6474165357351848
495,002720,국제약품,-0.2727558920652173
496,001570,금양,-0.5827001298964027
497,002350,넥센타이어,0.8252957010221186
498,005250,녹십자홀딩스,0.7583763710398495
499,072710,농심홀딩스,-0.9049052363764127
500,058730,다스코,-0.35221775499424485
501,019680,대교,0.8902817728325492
502,001880,대림건설,-0.7497985888295396
503,069620,대웅제약,0.014714677910998569
504,012510,더존비즈온,-0.853068163056662
505,004830,덕성,0.6880377074512394
506,007590,동방아그로,-0.696055617446108
507,026960,동서,-0.47364229976761707
508,102260,동성코퍼레이션,-0.9537908673522807
509,000640,동아쏘시오홀딩스,0.858686745234169
510,001520,동양,0.16997913312284127
511,082640,동양생명,-0.6078451321573378
512,006040,동원산업,-0.1065694030435037
513,003160,디아이,0.8019811002301963
514,013570,디와이,-0.7400075737968764
515,026890,디피씨,0.6707501159228523
516,004000,롯데정밀화학,-0.28251679258250906
517,002270,롯데푸드,-0.8747698253072888
518,017180,명문제약,-0.30846750764975484
519,009680,모토닉,0.6974524233227444
520,134380,미원화학,0.47418140548012494
521,002410,범양건영,0.9479721733779063
522,005180,빙그레,0.8044555668226449
523,207940,삼성바이오로직스,-0.6994317645499937
524,018260,삼성에스디에스,0.7649795137893703
525,016360,삼성증권,-0.566834348285426
526,029780,삼성카드,-0.6987175421425896
527,002170,삼양통상,0.29188994228234
528,002810,삼영무역,-0.9020069733579172
529,009770,삼정펄프,-0.12138235739802557
530,248170,샘표식품,0.6527538254695924
531,200880,서연이화,0.37384668377330144
532,306200,세아제강,-0.10112731871406606
533,308170,센트랄모텍,-0.027633014695217464
534,336370,솔루스첨단소재,-0.7370780900714776
535,004430,송원산업,-0.9944044271021375
536,011930,신성이엔지,-0.20181953400884206
537,031430,신세계인터내셔날,0.354385403328389
538,031440,신세계푸드,0.24020605415259094
539,183190,아세아시멘트,0.24292849823630677
540,018250,애경산업,0.5330759552497782
541,181710,엔에이치엔,0.7522993228503592
542,011330,유니켐,0.9822166732084149
543,011690,유양디앤유,-0.305436203958242
544,003460,유화증권,-0.32567479054496795
545,025820,이구산업,0.0014429027568229288
546,084680,이월드,0.5340636242246336
547,003120,일성신약,-0.5091345596967319
548,194370,제이에스코퍼레이션,0.8791555402986753
549,025620,제이준코스메틱,-0.8141487737476608
550,001550,조비,-0.639775204079979
551,120030,조선선재,-0.8658691462690004
552,063160,종근당바이오,-0.9419867368015248
553,013890,지누스,-0.262724688709114
554,051630,진양화학,-0.8697156557717074
555,005070,코스모신소재,0.8428782131310911
556,021240,코웨이,-0.8561254237964571
557,284740,쿠쿠홈시스,-0.6536408987796645
558,012170,키위미디어그룹,
559,007980,태평양물산,-0.3708798473700708
560,055490,테이팩스,0.7080942908415667
561,078000,텔코웨어,0.6658623613782294
562,036580,팜스코,-0.05873078649916349
563,016800,퍼시스,0.9391544438487277
564,005810,풍산홀딩스,-0.450551825625504
565,071090,하이스틸,-0.43775622707735057
566,000080,하이트진로,0.7027428860971604
567,004090,한국석유공업,-0.9501407238848394
568,002200,한국수출포장공업,0.9927949575759956
569,123890,한국자산신탁,-0.03445306082618115
570,025890,한국주강,-0.9905694492178692
571,024720,한국콜마홀딩스,-0.91431398744943
572,047810,한국항공우주,0.7383890004595811
573,060980,한라홀딩스,0.015981506469777536
574,008930,한미사이언스,0.5250916814658317
575,009240,한샘,0.6203040319200782
576,004150,한솔홀딩스,-0.9068890384722795
577,011700,한신기계공업,0.1296459541968186
578,000880,한화,0.03673084482084839
579,012450,한화에어로스페이스,-0.5069833939529709
580,005380,현대자동차,-0.6221575164359677
581,126560,현대퓨처넷,0.31554594433845423
582,094280,효성 ITX,0.9004677692181919
583,005870,휴니드테크놀러지스,0.17532797206068435
584,079190,EMW,
585,950170,JTC,0.9353297102020748
586,021320,KCC건설,-0.9613790645039708
587,036670,KCI,-0.8952999380408482
588,044180,KD,
589,151860,KG ETS,-0.11420958088695873
590,046440,KG모빌리언스,0.6236734553251699
591,160550,NEW,0.9141036355106462
592,950110,SBI핀테크솔루션즈,-0.8899207134158548
593,184230,SGA솔루션즈,-0.9474124738663505
594,063440,SM Life Design,0.4213714947257011
595,121600,나노신소재,-0.5529314416143246
596,267320,나인테크,0.17090670188808627
597,137940,넥스트아이,-0.3227588355988147
598,278650,노터스,-0.2887830537402961
599,069140,누리플랜,-0.9299408674383984
600,900100,뉴프라이드,0.6715663701628507
601,039560,다산네트웍스,0.5666662964067039
602,068240,다원시스,-0.43324169044696254
603,007720,대명소노시즌,-0.6582907268001348
604,036480,대성미생물,-0.8848774430683385
605,005710,대원산업,0.7990848122918184
606,090410,덕신하우징,0.45686839332849477
607,139050,데일리블록체인,-0.9301991974682228
608,261200,덴티스,0.1179351368751844
609,073190,듀오백,-0.43790050127415336
610,060570,드림어스컴퍼니,0.7581824871010936
611,043360,디지아이,-0.7520255243091546
612,068930,디지털대성,-0.8827300743286628
613,187220,디티앤씨,-0.1624232716271777
614,050120,라이브플렉스,-0.6914775868872226
615,171010,램테크놀러지,-0.07840047645565454
616,217500,러셀,0.7134865118368486
617,141080,레고켐바이오,-0.1812793886822155
618,090360,로보스타,0.3075796793471337
619,012700,리드코프,-0.2670860051067372
620,054180,메디콕스,0.3777135791569062
621,078160,메디포스트,-0.5623963645964253
622,049950,미래컴퍼니,0.23471305390515954
623,064550,바이오니아,0.8799099516717797
624,019010,베뉴지,0.2673857897913015
625,177350,베셀,0.0883763968306002
626,250000,보라티알,-0.627288338496813
627,014470,부방,-0.7412415230149361
628,054090,삼진엘앤디,0.9086992837254881
629,024950,삼천리자전거,0.5562612824008193
630,017480,삼현철강,0.9275305163373637
631,079650,서산,0.96386036008496
632,122690,서진오토모티브,0.6518364527841694
633,045300,성우테크론,-0.9260503193962408
634,015750,성우하이텍,0.5356378880633071
635,100700,세운메디칼,0.15198316833309056
636,043100,솔고바이오,-0.9196075407891782
637,035610,솔본,-0.5559181659888658
638,058530,슈펙스비앤피,0.3944607260933884
639,192440,슈피겐코리아,0.8930955934404546
640,131100,스카이이앤엠,-0.28972339707315486
641,159910,스킨앤스킨,-0.29291967017267545
642,020710,시공테크,-0.38864430090739804
643,131090,시큐브,-0.3042165029858904
644,226330,신테카바이오,0.22623235655931026
645,108320,실리콘웍스,0.8642680761837389
646,222420,쎄노텍,-0.742993003957518
647,136510,쎄미시스코,-0.08594890586177002
648,115530,씨엔플러스,
649,225330,씨엠에스에듀,-0.9354067444741244
650,101240,씨큐브,0.7685299358279605
651,036010,아비코전자,-0.03906938850778123
652,013310,아진산업,0.7516446554053268
653,067160,아프리카TV,-0.2580152744951574
654,085810,알티캐스트,-0.5556721846471009
655,196300,애니젠,0.3302285079782652
656,205500,액션스퀘어,-0.4030376407892062
657,238090,앤디포스,0.5917678784545911
658,174900,앱클론,0.4197127785780076
659,109610,에스와이,-0.7133766809155271
660,234300,에스트래픽,0.9650622371988795
661,288620,에스퓨얼셀,-0.5864900314951205
662,298380,에이비엘바이오,0.5447340270637044
663,003800,에이스침대,0.012612295861672921
664,039230,에이아이비트,0.855087439987906
665,072990,에이치시티,0.8343112027838965
666,224110,에이텍티앤,-0.9125442347715993
667,073070,에이팸,0.5574714020962234
668,205100,엑셈,-0.3621068176110474
669,067570,엔브이에이치코리아,-0.3225627480044629
670,183490,엔지켐생명과학,-0.791029463870243
671,182400,엔케이맥스,-0.7113530425003745
672,069410,엔텔스,0.8482815883830315
673,096870,엘디티,-0.5780329933513043
674,037950,엘컴텍,-0.9903423807747984
675,226400,오스테오닉,-0.06933849301142934
676,067170,오텍,0.05189441900120754
677,104830,원익머트리얼즈,-0.028682873018289264
678,008370,원풍,0.570976767324257
679,069080,웹젠,0.9956855502010679
680,044340,위닉스,-0.935223575738728
681,112040,위메이드,-0.7029059361584777
682,089850,유비벨록스,0.5941428218282047
683,264450,유비쿼스,0.6155122822759074
684,084370,유진테크,0.9696808650108681
685,039020,이건홀딩스,0.02753730642515979
686,073490,이노와이어리스,-0.7963214798103538
687,272290,이녹스첨단소재,0.6132695712076416
688,054210,이랜텍,0.31000198518230476
689,115610,이미지스,-0.03880721601700332
690,086890,이수앱지스,0.44242194879724484
691,277410,인산가,0.8984520603288341
692,033230,인성정보,-0.48516216965079123
693,049070,인탑스,0.77391875772306
694,189300,인텔리안테크,-0.2890035430407185
695,221610,자안,-0.45770006902403465
696,049630,재영솔루텍,-0.8111754381224763
697,065620,제낙스,-0.3345570936962523
698,089790,제이티,-0.049667878226161685
699,036180,지더블유바이텍,0.78464566411483
700,086060,진바이오텍,0.5746386142012886
701,036890,진성티이씨,-0.2444899470950586
702,317530,캐리소프트,-0.8761335827117979
703,180400,캔서롭,
704,050110,캠시스,0.8465303864708265
705,032500,케이엠더블유,0.10659947439342982
706,024880,케이피에프,-0.010824746148968757
707,078940,코드네이처,-0.04350190088680829
708,224060,코디엠,0.18661517165111632
709,190650,코리아에셋투자증권,-0.23727673873510585
710,183300,코미코,0.9398024136854389
711,121850,코이즈,0.12586994852762157
712,043090,큐브앤컴퍼니,-0.9421275207513299
713,054780,키이스트,-0.14641646047296356
714,065130,탑엔지니어링,-0.9051635410275136
715,124560,태웅로직스,-0.701964728640271
716,200230,텔콘RF제약,0.11045475090317289
717,051360,토비스,0.6688671480593585
718,322180,티라유텍,0.7819702680149905
719,034230,파라다이스,0.9329836000300348
720,177830,파버나인,0.8072620998560348
721,037030,파워넷,0.23067247201407035
722,038160,팍스넷,-0.9177343756231127
723,053610,프로텍,0.4637032553199485
724,319660,피에스케이,-0.14701335073648153
725,161580,필옵틱스,0.06977273915425798
726,023760,한국캐피탈,-0.8121486951762861
727,039670,한류타임즈,
728,046110,한일네트웍스,0.4785392266535836
729,220630,해마로푸드서비스,-0.347509592803327
730,084990,헬릭스미스,0.19605878944170074
731,037440,희림,0.6647048292944149
732,000120,CJ대한통운,0.8931930419805284
733,069730,DSR제강,-0.6714250188339855
734,114090,GKL,0.9080592236300326
735,001060,JW중외제약,0.4519494043972625
736,092230,KPX홀딩스,-0.1471882232479606
737,044450,KSS해운,-0.1378168551422905
738,093050,LF,0.33311918797677
739,108670,LG하우시스,0.013574595577755776
740,051910,LG화학,0.9075819230131864
741,079550,LIG넥스원,-0.8534787307178937
742,006260,LS,-0.39803716141218365
743,035420,NAVER,0.0452234012992569
744,034310,NICE,0.9870762403402057
745,008260,NI스틸,-0.6044936263378765
746,005090,SGC에너지,-0.3703463396492995
747,002360,SH에너지화학,-0.10807225152140376
748,001510,SK증권,0.933397015905146
749,000660,SK하이닉스,-0.2496024216834029
750,012610,경인양행,-0.021044890925419054
751,009140,경인전자,-0.36719683621934374
752,001140,국보,0.9738047898570704
753,092440,기신정기,0.43809304165776003
754,006280,녹십자,0.9067500525044855
755,008060,대덕,0.9528696131624352
756,008110,대동전자,-0.29340620187742045
757,005750,대림비앤코,0.5219849780343597
758,009190,대양금속,-0.45373021867743674
759,012800,대창,-0.5053889177111482
760,001230,동국제강,-0.4810626885957935
761,002900,동양물산기업,0.4181661747443443
762,000020,동화약품,0.3530430929017193
763,034020,두산중공업,0.5625165979776743
764,001530,디아이동일,-0.44728859928246845
765,092200,디아이씨,-0.6452228233597538
766,032350,롯데관광개발,-0.5154648141169093
767,033920,무학,-0.9406083450814173
768,007120,미래아이앤지,0.5552907842195726
769,155900,바다로19호,0.8282751921104531
770,014710,사조씨푸드,-0.857989306154474
771,028260,삼성물산,-0.643894733437699
772,005930,삼성전자,0.37206060831874344
773,001360,삼성제약,-0.9209027536284684
774,023000,삼원강재,-0.9876203455349958
775,004380,삼익THK,0.5365691832209466
776,000520,삼일제약,-0.911750501004451
777,005500,삼진제약,-0.49426258783210103
778,004450,삼화왕관,-0.8997906646183519
779,007860,서연,0.5361578766933196
780,002820,선창산업,-0.8679701963231283
781,004980,성신양회,0.3814772155829128
782,019440,세아특수강,0.9585055643226534
783,013000,세우글로벌,0.7733238053259387
784,021820,세원정공,
785,075580,세진중공업,0.7816866291699954
786,145210,세화아이엠씨,0.4016192682469731
787,068270,셀트리온,0.9946743635228723
788,004970,신라교역,-0.7687194711455004
789,005390,신성통상,0.19541999240138175
790,004170,신세계,0.34359095625993713
791,090430,아모레퍼시픽,0.4307183800680306
792,002030,아세아,0.023371154543798324
793,010780,아이에스동서,0.5933802353530495
794,123700,에스제이엠,0.33036919952359267
795,138250,엔에스쇼핑,-0.08251825757440374
796,085310,엔케이,-0.16305167169314758
797,004250,엔피씨,-0.8199726824201007
798,111770,영원무역,-0.5171437677333217
799,009970,영원무역홀딩스,-0.1905614284216265
800,118000,우리들휴브레인,-0.4848484769047827
801,017370,우신시스템,0.11513160500032749
802,105840,우진,0.8755115543130144
803,049800,우진플라임,-0.45718299305511173
804,014830,유니드,-0.5376110154002014
805,001200,유진증권,-0.07812289662465205
806,008250,이건산업,-0.4355349614525898
807,214320,이노션,0.5216731475156371
808,102460,이연제약,0.34688678121544864
809,006490,인스코비,-0.9372397164677398
810,226320,잇츠한불,-0.5672177976704128
811,004910,조광페인트,0.5613659329131483
812,000480,조선내화,-0.3653385558750464
813,272450,진에어,-0.15671334070335036
814,009310,참엔지니어링,-0.022655172251912135
815,003070,코오롱글로벌,0.5580932300380717
816,006890,태경케미컬,0.52295874368333
817,214420,토니모리,-0.961188919375136
818,001020,페이퍼코리아,-0.7920000554677536
819,005490,포스코,0.5308389322535528
820,007630,폴루스바이오팜,
821,293480,하나제약,0.5138731208513144
822,002960,한국쉘석유,-0.9758194334681258
823,104700,한국철강,-0.8061812469974733
824,003350,한국화장품제조,-0.9687001508912004
825,053690,한미글로벌,-0.5812537268510487
826,010420,한솔피엔에스,-0.3800713719295716
827,001750,한양증권,0.6810437782404728
828,097230,한진중공업,0.027565517472497348
829,003480,한진중공업홀딩스,-0.9809365711747532
830,267260,현대일렉트릭,0.38402779466817266
831,004020,현대제철,-0.9025241941199831
832,032560,황금에스티,-0.18122504155462688
833,241520,DSC인베스트먼트,0.4946037638292776
834,122450,KMH,0.5195601420950122
835,104200,NHN벅스,0.29552107946771605
836,099220,SDN,0.18352968061245223
837,040610,SG&G,-0.5336529180480039
838,036490,SK머티리얼즈,0.5564943899735435
839,950180,SNK,0.9590911905268558
840,079940,가비아,-0.6602518409943863
841,039240,경남스틸,0.848865555593643
842,060480,국일신동,-0.10829534009203869
843,204620,글로벌텍스프리,0.887146290237353
844,019660,글로본,-0.645340684603504
845,187790,나노,0.5746389952802946
846,253590,네오셈,0.9117041994208789
847,042420,네오위즈홀딩스,0.27440032080357096
848,153460,네이블커뮤니케이션즈,-0.5670517197068456
849,065170,넥스트BT,0.4385382015297933
850,194700,노바렉스,0.7771931822102405
851,108380,대양전기공업,-0.8651266838138019
852,007680,대원,0.9552011375435113
853,054670,대한뉴팜,0.6215027908380109
854,035290,더블유에프엠,
855,077360,덕산하이메탈,0.9322239343276024
856,086450,동국제약,0.15237213945686465
857,005290,동진쎄미켐,0.762531451529459
858,187870,디바이스이엔지,0.429483970439905
859,263690,디알젬,0.26674321818258456
860,033430,디에스티,-0.11722106865201404
861,171120,라이온켐텍,-0.7209623707407372
862,029480,릭스솔루션,0.5245561022165011
863,042500,링네트,-0.34609797168892115
864,147760,마이크로프랜드,0.4224799901114949
865,127160,매직마이크로,0.37275491533046673
866,215200,메가스터디교육,-0.6994209579427422
867,235980,메드팩토,-0.9383212867548351
868,006920,모헨즈,-0.331993710740914
869,059090,미코,0.8390228495682541
870,214180,민앤지,-0.7633596110807004
871,035620,바른손이앤에이,-0.3163372211938407
872,032980,바이온,-0.8850350419991558
873,206400,베노홀딩스,-0.5551593293015855
874,148140,비디아이,-0.8797877266994762
875,083650,비에이치아이,0.50011059824167
876,019770,서연탑메탈,-0.7847847732486133
877,046890,서울반도체,0.5236733976229194
878,093920,서원인텍,0.23774323427147995
879,123420,선데이토즈,0.19565908636816642
880,043260,성호전자,-0.6659168230770707
881,234340,세틀뱅크,0.8689557606515642
882,094840,슈프리마에이치큐,0.311004704563814
883,115570,스타플렉스,-0.2597701924315483
884,025320,시노펙스,-0.3797027538779913
885,017000,신원종합개발,-0.9473485495274063
886,243840,신흥에스이씨,0.7026939219076392
887,264660,씨앤지하이테크,0.5908637744606726
888,060590,씨티씨바이오,0.06565644562513623
889,246720,아스타,-0.26565081348181474
890,154030,아시아종묘,-0.7190719072331402
891,227610,아우딘퓨쳐스,-0.7989229413577955
892,185490,아이진,0.9024006712189695
893,175250,아이큐어,-0.9586273586289312
894,052460,아이크래프트,-0.38840922491224833
895,065660,안트로젠,0.6749005619059456
896,217480,에스디생명공학,-0.6810004338920839
897,900080,에스앤씨엔진그룹,0.985269778633331
898,041910,에스텍파마,0.5765672609564727
899,054630,에이디칩스,-0.8795257506682244
900,195990,에이비프로바이오,-0.8113595015095126
901,088800,에이스테크,0.9269536767742966
902,176440,에이치엔티,0.5740573406801265
903,239610,에이치엘사이언스,-0.40159272842001537
904,089530,에이티세미콘,-0.8867254745472691
905,200470,에이팩트,-0.09111811494175129
906,038110,에코플라스틱,0.8526357226898443
907,054940,엑사이엔씨,0.6410405130676038
908,217820,엔에스,-0.2573005807157448
909,031860,엔에스엔,0.22992805151436002
910,208860,엔지스테크널러지,-0.973554732663487
911,290650,엘앤씨바이오,-0.289317508455158
912,259630,엠플러스,0.8753898896916327
913,053280,예스24,-0.6909023185484495
914,900300,오가닉티코스메틱,-0.8304009441976731
915,082210,옵트론텍,0.8826767403838511
916,153710,옵티팜,-0.7550404301327167
917,122990,와이솔,0.9920094347044409
918,232140,와이아이케이,0.36957462621078885
919,114630,우노앤컴퍼니,-0.319252914083142
920,072470,우리산업홀딩스,-0.07768481548076844
921,103840,우양,-0.8192195528942874
922,018620,우진비앤지,-0.28496416439740385
923,032940,원익,-0.9707178059864856
924,024800,유성티엔에스,0.24513075613875582
925,263770,유에스티,0.6916613302805686
926,065440,이루온,-0.8704740051263912
927,102710,이엔에프테크놀로지,0.05214244274400184
928,063760,이엘피,0.8469972782548361
929,035810,이지홀딩스,-0.9324385600009081
930,096040,이트론,-0.960987538294186
931,017250,인터엠,0.46300375541145106
932,035080,인터파크,0.34824209036045956
933,051370,인터플렉스,-0.8387152969631094
934,065530,전파기지국,-0.5231584802868596
935,217190,제너셈,0.12384095700931959
936,095700,제넥신,-0.11796334015813206
937,072520,제넨바이오,0.3744187659732069
938,122310,제노레이,-0.8139709720349493
939,159580,제로투세븐,-0.11960766490016103
940,033100,제룡전기,0.8305694496514388
941,033320,제이씨현시스템,0.10769176475389915
942,044060,조광ILI,-0.02718362861084106
943,094360,칩스앤미디어,-0.2783736294193371
944,307930,컴퍼니케이,0.9645323738390583
945,192250,케이사인,0.3419962831077242
946,115500,케이씨에스,0.3458805982257704
947,093320,케이아이엔엑스,-0.4675342348991701
948,217600,켐온,-0.07348582846541128
949,036690,코맥스,0.16099839512123357
950,089890,코세스,-0.29889907303991153
951,241710,코스메카코리아,-0.6448997130607271
952,029960,코엔텍,-0.8015333250050428
953,052330,코텍,0.8588330639293036
954,200130,콜마비앤에이치,-0.2315565916827162
955,016600,큐캐피탈,-0.9153241600067354
956,219130,타이거일렉,0.4461273893678467
957,023160,태광,0.4158054751439067
958,045340,토탈소프트,-0.5709977947409165
959,117730,티로보틱스,0.16390411479373548
960,214450,파마리서치프로덕트,0.746479193561921
961,049120,파인디앤씨,0.7785709135485795
962,131760,파인텍,-0.06552719039856789
963,087010,펩트론,-0.8834234265344304
964,056730,포스링크,
965,023900,풍국주정,0.8012225731413101
966,214270,퓨쳐스트림네트웍스,0.5283370622157395
967,220100,퓨쳐켐,-0.31304983597062175
968,051380,피씨디렉트,-0.6697601822986895
969,031980,피에스케이홀딩스,-0.7260327113582637
970,106080,하이소닉,
971,080720,한국유니온제약,-0.4105904759240492
972,054040,한국컴퓨터,-0.09275947967986055
973,053590,한국테크놀로지,0.016336320199205896
974,226440,한송네오텍,-0.27626641273749897
975,005860,한일사료,0.05825149444559615
976,900270,헝셩그룹,0.570097539109565
977,061250,화일약품,-0.6374104822503521
978,097870,효성오앤비,-0.9920870490084469
979,243070,휴온스,0.4660684771000949
980,145020,휴젤,0.5876172178506
981,095570,AJ네트웍스,-0.5322413648754022
982,006840,AK홀딩스,0.6488911153886644
983,001040,CJ,0.3453927097634062
984,011150,CJ씨푸드,-0.7230865459659619
985,016610,DB금융투자,-0.40474120586961543
986,139130,DGB금융지주,-0.8999756669343604
987,017940,E1,0.05408819541078387
988,007700,F&F,0.6062921105480097
989,001940,KISCO홀딩스,-0.8852344192222921
990,003550,LG,0.3441703277975768
991,034220,LG디스플레이,0.36559519525627626
992,229640,LS전선아시아,0.8188723626996953
993,003570,S&T중공업,0.8797058221533027
994,036530,S&T홀딩스,0.6268378655197556
995,010950,S-Oil,0.1266908898191167
996,001740,SK네트웍스,-0.9802403454033272
997,285130,SK케미칼,0.5389364768992458
998,012320,경동인베스트,0.513205898935961
999,013580,계룡건설산업,0.5770010822970392
1000,005320,국동,0.8599030082368244
1001,003920,남양유업,0.5614060491104574
1002,025860,남해화학,-0.6871585162615218
1003,090350,노루페인트,-0.7435025159589946
1004,001680,대상,0.24968154178993934
1005,016710,대성홀딩스,-0.953819471987869
1006,084010,대한제강,0.7412295299351654
1007,069460,대호에이엘,-0.9970049237665823
1008,145720,덴티움,-0.2014350984944216
1009,049770,동원F&B,-0.5413225346266627
1010,336260,두산퓨얼셀,0.19654704514768634
1011,001080,만호제강,-0.8147796854465559
1012,005360,모나미,0.17791719277457632
1013,008420,문배철강,0.6415224392297747
1014,085620,미래에셋생명,-0.8291911031706651
1015,003650,미창석유공업,-0.39994345424469413
1016,001340,백광산업,-0.6365647644760265
1017,007210,벽산,-0.23075109453735548
1018,026940,부국철강,0.2642448724676818
1019,015350,부산도시가스,-0.7223770898488654
1020,100220,비상교육,0.7982531623044516
1021,007160,사조산업,-0.9717547504367101
1022,001470,삼부토건,-0.44649896612648365
1023,006660,삼성공조,-0.8970078845129937
1024,032830,삼성생명,-0.9545854264536121
1025,009150,삼성전기,0.863811399508883
1026,145990,삼양사,0.4058958779616224
1027,272550,삼양패키징,0.9630270280974284
1028,004440,삼일씨엔에스,-0.927832651733634
1029,009470,삼화전기,0.8139743529729251
1030,007540,샘표,0.7256739020259155
1031,008490,서흥,0.6479762533956329
1032,001430,세아베스틸,-0.023312064575379318
1033,027970,세하,-0.6815130355928415
1034,017550,수산중공업,0.02964768829802623
1035,034300,신세계건설,0.2444654541717769
1036,001720,신영증권,-0.3337258667440762
1037,009270,신원,0.038128588650829
1038,002870,신풍제지,0.2345943412504025
1039,033660,아주캐피탈,0.5043993005467136
1040,005850,에스엘,0.175081979674812
1041,007460,에이프로젠 KIC,-0.6774983950507913
1042,900140,엘브이엠씨,0.13592294708751154
1043,010120,엘에스일렉트릭,-0.6639342080755344
1044,271560,오리온,0.3032448931457513
1045,316140,우리금융지주,-0.21499069042182134
1046,006980,우성사료,0.2995263919740698
1047,010600,웰바이오텍,0.15563847930327696
1048,000910,유니온,-0.2306882065614589
1049,003470,유안타증권,0.8516254988124539
1050,103590,일진전기,-0.37369073540427616
1051,004700,조광피혁,0.5456119765697093
1052,018470,조일알미늄,-0.6341048971133152
1053,002780,진흥기업,-0.11348363394873531
1054,035720,카카오,0.9967851620009632
1055,009070,케이씨티시,-0.93563518360817
1056,030200,케이티,-0.8853330292207896
1057,003690,코리안리,0.1422154574647334
1058,044820,코스맥스비티아이,0.43442541839722726
1059,144620,코오롱머티리얼,-0.4350468886699764
1060,264900,크라운제과,-0.9019144966232825
1061,005740,크라운해태홀딩스,-0.8361060657807249
1062,039490,키움증권,0.765284760342584
1063,011280,태림포장,-0.7705608778940689
1064,019180,티에이치엔,0.6306861879512862
1065,028670,팬오션,-0.2840148366194267
1066,090080,평화산업,0.30833341461540886
1067,039130,하나투어,0.7910685655923052
1068,172580,하이골드12호,0.8342054263304111
1069,000240,한국앤컴퍼니,0.6946329719514395
1070,010100,한국프랜지공업,-0.339735167467868
1071,002390,한독,0.933524382551468
1072,069640,한세엠케이,-0.9109120362650412
1073,213500,한솔제지,-0.281252104967043
1074,014680,한솔케미칼,0.7886677356511332
1075,004710,한솔테크닉스,0.15729144646292326
1076,002320,한진,0.9796274474694813
1077,195870,해성디에스,-0.36536268803965755
1078,079430,현대리바트,-0.3898059288753802
1079,069960,현대백화점,0.48021995030364334
1080,093240,형지엘리트,-0.8825809205321681
1081,003010,혜인,0.9623290235496238
1082,002460,화성산업,-0.8344844382518514
1083,079980,휴비스,0.24870103470726684
1084,023460,CNH,-0.9645183609261926
1085,068790,DMS,0.6087541916358096
1086,024840,KBI메탈,0.00011898948098493186
1087,052900,KMH하이텍,0.26353556059895955
1088,058400,KNN,-0.07531804662979956
1089,114450,KPX생명과학,-0.6760595078103403
1090,036030,KTH,-0.048958431838056954
1091,060370,KT서브마린,-0.4597791617363005
1092,046140,SBS콘텐츠허브,0.04988033645257798
1093,049470,SGA,-0.8296496312288199
1094,289080,SV인베스트먼트,0.38141362911598536
1095,246690,TS인베스트먼트,0.6824582353647329
1096,057030,YBM넷,0.541632671005832
1097,052220,iMBC,-0.8310013342228628
1098,078890,가온미디어,0.6913540271201818
1099,011040,경동제약,0.7803967004986394
1100,900280,골든센츄리,-0.4940241524638995
1101,090150,광진윈텍,0.15522641803154363
1102,066620,국보디자인,-0.7705313467692271
1103,032860,글로스퍼랩스,-0.9429355241476242
1104,089600,나스미디어,-0.6314621803787975
1105,036800,나이스정보통신,-0.6143347811012936
1106,111710,남화산업,-0.8503981249744827
1107,212560,네오오토,0.20243833979802087
1108,095660,네오위즈,0.40671413022547426
1109,311390,네오크레마,-0.4855405386898909
1110,225570,넷게임즈,0.7020630819865445
1111,104620,노랑풍선,-0.5350137647130645
1112,285490,노바텍,0.9231073546943599
1113,064260,다날,0.5859087384436454
1114,048910,대원미디어,-0.31501692129367453
1115,131220,대한과학,0.42242887161865506
1116,021040,대호피앤씨,0.5026283736841285
1117,067080,대화제약,0.1578256126889603
1118,041930,동아화성,0.5939003828420811
1119,228340,동양파일,0.19170974686971573
1120,263720,디앤씨미디어,0.9971354797398133
1121,196450,디오스텍,-0.5918044639989543
1122,079810,디이엔티,0.7469048561445062
1123,317120,라닉스,-0.6702282556258887
1124,300120,라온피플,-0.8683194463556345
1125,069540,라이트론,
1126,084650,랩지노믹스,0.4282926748201299
1127,900260,로스웰,0.1496194066765947
1128,016100,리더스코스메틱,-0.9522053739590872
1129,277070,린드먼아시아,-0.975580707300018
1130,195500,마니커에프앤지,0.9248863733167082
1131,133750,메가엠디,0.9877476617917638
1132,241770,메카로,-0.3136602540466706
1133,101330,모베이스,0.8914168501493122
1134,033200,모아텍,0.7702154477366843
1135,038460,바이오스마트,-0.4736253724829488
1136,225530,보광산업,-0.3032131528194645
1137,226340,본느,-0.9367763858177471
1138,288330,브릿지바이오,0.5117789952637373
1139,263920,블러썸엠앤씨,0.6914401349081721
1140,086670,비엠티,-0.32421118006998445
1141,082920,비츠로셀,-0.7440911074069251
1142,053700,삼보모터스,-0.008500902189997803
1143,054540,삼영엠텍,-0.9671707851361766
1144,263540,샘코,-0.9681666222847892
1145,063170,서울옥션,-0.836768945627898
1146,011370,서한,0.7642316150087074
1147,037350,성도이엔지,-0.35560330885763025
1148,081580,성우전자,-0.6053237020465653
1149,214310,세미콘라이트,-0.9003961539207631
1150,234100,세원,-0.12312480019872875
1151,024830,세원물산,
1152,051980,센트럴바이오,0.07959879544975747
1153,268600,셀리버리,-0.18879312064946116
1154,258790,소프트캠프,-0.17761985934101265
1155,033790,스카이문스테크놀로지,-0.7270558597277688
1156,048870,시너지이노베이션,0.7040271778424885
1157,065350,신성델타테크,0.5121291455758463
1158,056700,신화인터텍,-0.8001928236484959
1159,217330,싸이토젠,-0.4148386620569645
1160,059100,아이컴포넌트,-0.6818014220001305
1161,032080,아즈텍WB,0.3650582560382377
1162,053800,안랩,-0.6412666357579931
1163,131370,알서포트,0.22883729540300182
1164,041440,에버다임,-0.8268623849281809
1165,038680,에스넷,0.9423745146295904
1166,121890,에스디시스템,0.9273821325935512
1167,031330,에스에이엠티,0.5911305221684112
1168,052020,에스티큐브,0.7081654321438721
1169,058610,에스피지,-0.32399098825930067
1170,089970,에이피티씨,-0.30711851523656436
1171,230360,에코마케팅,0.3334172844109261
1172,038870,에코바이오,0.19306951008624235
1173,064850,에프앤가이드,0.6143532208201054
1174,064090,에프앤리퍼블릭,-0.6343141964802674
1175,317870,엔바이오니아,-0.3197970038652553
1176,138690,엘아이에스,-0.5063494269143871
1177,073110,엘엠에스,-0.9992317521305831
1178,179290,엠아이텍,-0.749632111797947
1179,123040,엠에스오토텍,0.9982202331621219
1180,033160,엠케이전자,0.056666648213484834
1181,138080,오이솔루션,-0.07471975036965099
1182,244460,올리패스,-0.3234287635827189
1183,155650,와이엠씨,0.9576186730534807
1184,251370,와이엠티,0.8137965452860951
1185,193250,와이제이엠게임즈,0.6871901700810572
1186,115440,우리넷,0.9307674636175007
1187,037400,우리조명,-0.04723270338661886
1188,240810,원익IPS,0.7602550870377246
1189,065370,위세아이텍,-0.48804881609108175
1190,018000,유니슨,-0.14629272621619804
1191,011320,유니크,0.3886212220987384
1192,069330,유아이디,-0.8250908670670414
1193,049520,유아이엘,0.33951731061319357
1194,080010,이상네트웍스,-0.6050316839018188
1195,095190,이엠코리아,-0.8178085160487869
1196,160600,이큐셀,-0.7126920084150851
1197,134060,이퓨쳐,0.142875621020631
1198,001840,이화공영,0.6593327933852371
1199,071200,인피니트헬스케어,0.3425905741327467
1200,950140,잉글우드랩,-0.08517242545828767
1201,045510,정원엔시스,-0.5812166041040243
1202,137950,제이씨케미칼,-0.8726857033556862
1203,058420,제이웨이,0.5105565634867469
1204,064800,젬백스링크,-0.18931726407761396
1205,033340,좋은사람들,-0.4226651486519934
1206,072020,중앙백신,-0.972060935453841
1207,115450,지트리비앤티,0.12755603820977487
1208,016920,카스,0.9669519654424743
1209,042000,카페24,0.4224662415603496
1210,073010,케이에스피,-0.5644776155768133
1211,115180,큐리언트,0.3966418628235311
1212,900250,크리스탈신소재,0.4752527870417298
1213,045520,크린앤사이언스,-0.014327541358438998
1214,214150,클래시스,-0.0060426729884420684
1215,044490,태웅,0.05745831346779571
1216,182690,테라셈,-0.8449026755118937
1217,215480,토박스코리아,-0.04344255116095109
1218,057680,티사이언티픽,0.6772896326205835
1219,064760,티씨케이,0.8991101000202169
1220,104480,티케이케미칼,-0.4135732807166728
1221,084730,팅크웨어,0.5521137296540215
1222,027710,팜스토리,-0.08726557631784757
1223,290720,푸드나무,0.8473967657154071
1224,053160,프리엠스,0.7214443729508276
1225,128660,피제이메탈,0.09142398317350761
1226,166090,하나머티리얼즈,0.16354494894418312
1227,025550,한국선재,-0.07150282306054578
1228,041460,한국전자인증,0.7610499771395715
1229,021650,한국큐빅,0.9387992391278265
1230,256150,한독크린텍,0.9758741530452549
1231,016790,현대사료,-0.8625983977410626
1232,092300,현우산업,-0.012014483442655094
1233,064240,홈캐스트,-0.8913086907720481
1234,200670,휴메딕스,0.3998840146916567
1235,084110,휴온스글로벌,0.9565905621264271
1236,027410,BGF,0.06328813809220371
1237,000590,CS홀딩스,-0.4855606046736953
1238,012030,DB,-0.44683541177566927
1239,000210,DL,0.6981718365833646
1240,007070,GS리테일,-0.7475225462331766
1241,012630,HDC,-0.2597745951111311
1242,234080,JW생명과학,-0.7213899779598982
1243,009440,KC그린홀딩스,0.8871219901183058
1244,000040,KR모터스,-0.9936483377442198
1245,032640,LG유플러스,-0.9437635030507879
1246,005610,SPC삼립,0.6878294378175733
1247,002100,경농,-0.8512358286914268
1248,267290,경동도시가스,0.40054151688342204
1249,000050,경방,-0.015531289249472589
1250,002240,고려제강,0.20663941659658375
1251,009290,광동제약,0.42757788042576256
1252,037710,광주신세계,0.6849683538527443
1253,007690,국도화학,-0.23254596718752532
1254,008870,금비,-0.3058288372378692
1255,073240,금호타이어,0.4877578043327299
1256,006570,대림통상,-0.018509271190032508
1257,003540,대신증권,-0.1300475154968378
1258,000430,대원강업,0.9018401117023546
1259,006340,대원전선,-0.7828787307098384
1260,024890,대원화성,-0.25358977288501555
1261,002880,대유에이텍,-0.10115844076725633
1262,192080,더블유게임즈,0.7523877538535563
1263,005960,동부건설,-0.7528987886207466
1264,002210,동성제약,-0.7817994623973072
1265,170900,동아에스티,0.04161403405956657
1266,084670,동양고속,0.776965042081359
1267,008970,동양철관,0.13653949210235178
1268,030720,동원수산,-0.0899675785387952
1269,023530,롯데쇼핑,-0.2721740401634258
1270,000060,메리츠화재,-0.9590064723163224
1271,268280,미원에스씨,0.4542175471263772
1272,003000,부광약품,-0.6418130003362192
1273,011390,부산산업,0.12561023114546088
1274,002450,삼익악기,0.6970324238369707
1275,004690,삼천리,0.11598047299519272
1276,004410,서울식품공업,-0.14745500594131503
1277,000180,성창기업지주,-0.2107455833499456
1278,033530,세종공업,-0.16403575467476864
1279,134790,시디즈,0.11962330090657959
1280,020560,아시아나항공,-0.766847756500145
1281,001780,알루코,0.8128514671623261
1282,025530,에스제이엠홀딩스,0.2833029514479916
1283,007310,오뚜기,-0.28940135622049595
1284,002920,유성기업,0.18073299296562198
1285,007660,이수페타시스,0.028659854613863917
1286,093230,이아이디,-0.14299994602013769
1287,014990,인디에프,0.9157480959833683
1288,000230,일동홀딩스,-0.9425124586484686
1289,015860,일진홀딩스,0.42041767589219625
1290,317400,자이에스앤디,-0.22460876988092263
1291,033240,자화전자,-0.3002198768113603
1292,000950,전방,-0.20895701098457367
1293,036420,제이콘텐트리,-0.3306962918606083
1294,030000,제일기획,-0.2849664925649619
1295,035000,지투알,0.86204349509936
1296,010640,진양폴리우레탄,-0.13677023529624946
1297,002380,케이씨씨,-0.21687977735161498
1298,192820,코스맥스,-0.05156341521980029
1299,014580,태경비케이,-0.9895765930134598
1300,091810,티웨이항공,0.6674258484700482
1301,010820,퍼스텍,0.47977845913479944
1302,047050,포스코인터내셔널,-0.6476683112460062
1303,153360,하이골드3호,-0.5329741683180128
1304,010040,한국내화,0.439929342686605
1305,000970,한국주철관공업,0.6966823759721936
1306,123690,한국화장품,0.5405515981075273
1307,014790,한라,0.8055996644928335
1308,042700,한미반도체,0.7037864895108851
1309,020000,한섬,-0.005727582170609298
1310,105630,한세실업,-0.21389997762574947
1311,025750,한솔홈데코,-0.9475520861395448
1312,009420,한올바이오파마,-0.1160345969999295
1313,130660,한전산업,-0.7557700840181268
1314,000370,한화손해보험,-0.7083717683752335
1315,143210,핸즈코퍼레이션,0.3965309360501706
1316,307950,현대오토에버,0.4515439428456956
1317,241590,화승엔터프라이즈,0.8872144791749792
1318,133820,화인베스틸,-0.9427163389694623
1319,010660,화천기계,-0.007870560042895968
1320,298050,효성첨단소재,0.4282803485710351
1321,093370,후성,0.30636514984011387
1322,081660,휠라홀딩스,-0.13601061776469903
1323,005010,휴스틸,-0.8966912322624588
1324,060310,3S,0.8998198372042728
1325,051500,CJ프레시웨이,-0.09179828369194988
1326,035900,JYP Ent.,-0.21856795104313945
1327,218410,RFHIC,-0.9227454950301478
1328,114190,강원,-0.5128420418204411
1329,053950,경남제약,-0.9562733170862977
1330,049720,고려신용정보,0.2522709827089603
1331,038530,골드퍼시픽,0.39043151752961136
1332,026910,광진실업,-0.22297827807156334
1333,186230,그린플러스,-0.40050368400561803
1334,900070,글로벌에스엠,0.01536033031003635
1335,035460,기산텔레콤,-0.2924564314274379
1336,242040,나무기술,-0.9394342724858054
1337,130580,나이스디앤비,0.16277169498006167
1338,033640,네패스,-0.9925743705263392
1339,020400,대동금속,-0.4962018214782209
1340,017650,대림제지,0.9866300730868529
1341,020180,대신정보통신,0.8628259788360925
1342,060900,대한그린파워,-0.3400804978670154
1343,075970,동국알앤에스,-0.49101224110123043
1344,088910,동우팜투테이블,0.15821560309188212
1345,094170,동운아나텍,0.15842596104900677
1346,110990,디아이티,0.7218361049464842
1347,131030,디에이치피코리아,0.281637970453908
1348,105740,디케이락,-0.7001978161788464
1349,263020,디케이앤디,0.16502553223627744
1350,290550,디케이티,0.9943210642861168
1351,042510,라온시큐어,-0.2359333880398411
1352,214260,라파스,-0.118403417445705
1353,039980,리노스,-0.11398535456384176
1354,098120,마이크로컨텍솔,-0.042111052690099925
1355,140410,메지온,-0.3886287861859806
1356,080420,모다이노칩,-0.026192139336083456
1357,012860,모베이스전자,0.8171643062147554
1358,213090,미래테크놀로지,0.12304788351534426
1359,142760,바이오리더스,0.3804713987847354
1360,043150,바텍,0.01440009026106166
1361,100120,뷰웍스,-0.6637255648354229
1362,066980,브레인콘텐츠,0.4114244331828906
1363,033560,블루콤,0.7650184646064307
1364,121800,비덴트,-0.6260533057649702
1365,090460,비에이치,0.9211770737526392
1366,042370,비츠로테크,-0.2945738842460062
1367,065450,빅텍,0.2911313085243826
1368,100090,삼강엠앤티,0.17797788145857343
1369,009620,삼보산업,0.9961911931006746
1370,038500,삼표시멘트,0.3843916448389183
1371,089980,상아프론테크,0.2763611003779457
1372,006730,서부T&D,0.9445423068452542
1373,027040,서울전자통신,-0.6474083618062983
1374,003100,선광,0.9997105624915078
1375,067770,세진티에스,-0.12667844128086192
1376,252500,세화피앤씨,0.4254993929278426
1377,299660,셀리드,0.18198275044077197
1378,050960,수산아이앤티,-0.30815164120606914
1379,099440,스맥,-0.9634888503575586
1380,001000,신라섬유,0.7037449324516829
1381,187270,신화콘텍,-0.7670921764162977
1382,037760,쎄니트,-0.9809976751615845
1383,096530,씨젠,0.6382657565127212
1384,058220,아리온,0.5630732948672612
1385,127710,아시아경제,0.18012448046083093
1386,054800,아이디스홀딩스,-0.9195640361292524
1387,214430,아이쓰리시스템,0.5821545530034098
1388,027360,아주IB투자,0.6250474153003092
1389,196170,알테오젠,-0.08278462373522748
1390,123750,알톤스포츠,0.4339075843545097
1391,117670,알파홀딩스,0.5548054386997624
1392,293780,압타바이오,0.8777140226400721
1393,255440,야스,-0.4094708370075431
1394,097780,에스맥,-0.058156730156715734
1395,060540,에스에이티,0.08131337866965137
1396,080000,에스엔유,-0.5055911099972233
1397,007820,에스엠코어,0.3575663265055384
1398,098660,에스티오,0.3118902519543835
1399,028300,에이치엘비,-0.6670323157713554
1400,071670,에이테크솔루션,0.9182984000610082
1401,173940,에프엔씨엔터,-0.3912388184072846
1402,101400,엔시트론,-0.464944978591092
1403,061970,엘비세미콘,0.7935315945505534
1404,009780,엠에스씨,0.9289737484988788
1405,032790,엠젠플러스,0.46581157335128387
1406,115960,연우,0.2625208449946505
1407,065500,오리엔트정공,0.8706052033250934
1408,053980,오상자이엘,0.2729798595697146
1409,067900,와이엔텍,0.5098614499842169
1410,066430,와이오엠,-0.9886827753262063
1411,122870,와이지엔터테인먼트,0.2983132097647509
1412,065680,우주일렉트로,-0.21054709601253693
1413,053580,웹케시,0.9355781576885657
1414,071460,위니아딤채,-0.20828190108223563
1415,299900,위지윅스튜디오,0.6604353569312946
1416,136540,윈스,-0.9669311845000851
1417,048430,유라테크,-0.5942823536615967
1418,263050,유틸렉스,-0.746539273196928
1419,060230,이그잭스,-0.7854953538813538
1420,053350,이니텍,-0.6306585248473844
1421,037330,인지디스플레,-0.002947354916523276
1422,083640,인콘,-0.05685046026229133
1423,216050,인크로스,0.22171916863671762
1424,019540,일지테크,0.9917381888139495
1425,026040,제이에스티나,-0.943758680890891
1426,033050,제이엠아이,-0.4867502063731154
1427,303030,지니틱스,0.5351597758256837
1428,018120,진로발효,0.4352326210213505
1429,066360,체리부로,0.8859822520743806
1430,221980,케이디켐,0.5882773859865617
1431,089150,케이씨티,0.36116004175405614
1432,256940,케이피에스,0.06865866729348467
1433,052400,코나아이,-0.7412222763682986
1434,080530,코디,0.28343834147430874
1435,101670,코리아에스이,0.6587157261825738
1436,082660,코스나인,-0.13311140932743998
1437,069110,코스온,0.7833305487354241
1438,166480,코아스템,0.6484573604399582
1439,060280,큐렉소,0.7718471940264933
1440,040350,큐로컴,-0.06739291279124121
1441,053620,태양,0.7865089416019311
1442,089030,테크윙,0.848506741405437
1443,079970,투비소프트,-0.8635808132852891
1444,062860,티엘아이,-0.343282462380001
1445,321550,티움바이오,0.12587030083845374
1446,106240,파인테크닉스,0.8533259635419658
1447,318010,팜스빌,-0.8368444954210578
1448,054300,팬스타엔터프라이즈,0.7499606883231404
1449,043370,평화정공,-0.09483968027610379
1450,119500,포메탈,-0.9104847616330801
1451,022100,포스코 ICT,-0.17443132185540838
1452,023770,플레이위드,-0.5496665703236253
1453,241820,피씨엘,0.9716451533867978
1454,062970,피피아이,0.8351940107719207
1455,070590,한솔인티큐브,0.006881467163073384
1456,086960,한컴MDS,-0.7368422378120677
1457,220180,핸디소프트,0.5405062515147715
1458,170030,현대공업,0.9331252137167543
1459,126640,화신정공,-0.6061424764478256
1460,205470,휴마시스,-0.00419936163560618
1461,065510,휴비츠,-0.09192242056252162
1462,010240,흥국,-0.7927829744615696
1463,000990,DB하이텍,0.6493913768136508
1464,082740,HSD엔진,-0.4675871296418219
1465,016380,KG동부제철,0.5516010886439736
1466,030210,KTB투자증권,0.8050841902461097
1467,058850,KTcs,-0.9713797051269034
1468,051900,LG생활건강,0.24845128553476573
1469,004060,SG세계물산,-0.06511698281319332
1470,009160,SIMPAC,-0.8978638537713968
1471,011790,SKC,0.5182390765371149
1472,018670,SK가스,-0.6069775136405792
1473,210980,SK디앤디,0.7114975300628332
1474,068400,SK렌터카,-0.7696677013439827
1475,077970,STX엔진,-0.6135456826316873
1476,071970,STX중공업,-0.6753596205404149
1477,002710,TCC스틸,-0.46131882587474315
1478,000500,가온전선,-0.9968006688881423
1479,214390,경보제약,-0.011870412657549827
1480,002140,고려산업,0.9295980385847181
1481,017900,광전자,-0.712794172196119
1482,000270,기아자동차,0.6314812183399363
1483,005720,넥센,0.7516561257197337
1484,003580,넥스트사이언스,0.5569852229424866
1485,004370,농심,-0.24415131623618777
1486,023590,다우기술,0.5167510705392665
1487,128820,대성산업,-0.42514395849685244
1488,000300,대유플러스,0.722332415183854
1489,001440,대한전선,-0.05230763922598108
1490,001130,대한제분,-0.8437753548726338
1491,003490,대한항공,-0.6081285789919484
1492,003830,대한화섬,-0.5437932401840035
1493,023450,동남합성,0.6956362145467742
1494,004140,동방,0.8189119460605698
1495,282690,동아타이어,-0.4025510512839612
1496,092780,동양피스톤,0.7567073378228987
1497,014820,동원시스템즈,-0.8858577761630403
1498,210540,디와이파워,-0.28755616699921466
1499,138040,메리츠금융지주,-0.6845157038692175
1500,009580,무림P&P,0.10761870312942452
1501,002840,미원상사,0.7188759291669132
1502,003850,보령제약,-0.2515634266263466
1503,006090,사조오양,0.929386773207036
1504,006110,삼아알미늄,-0.5522857795860909
1505,010960,삼호개발,0.47528321964163933
1506,011230,삼화전자공업,0.665580839126052
1507,000390,삼화페인트공업,0.6422940865807615
1508,075180,새론오토모티브,0.8511316177888032
1509,014910,성문전자,-0.44592145876095807
1510,003030,세아제강지주,-0.5244445245251681
1511,035510,신세계I&C,0.7697916902541926
1512,102280,쌍방울,-0.648493182376512
1513,003410,쌍용양회공업,0.2580828635379803
1514,008700,아남전자,-0.5482577975935858
1515,002310,아세아제지,0.9741197837636693
1516,267850,아시아나IDT,0.5255472936430994
1517,161000,애경유화,-0.7084131431888488
1518,023960,에쓰씨엔지니어링,0.8861406068799488
1519,298690,에어부산,0.9848649413064023
1520,015260,에이엔피,0.46412715941172855
1521,009810,엔케이물산,-0.95103241851358
1522,012160,영흥,-0.3636725624738626
1523,002630,오리엔트바이오,0.20893446937099552
1524,001800,오리온홀딩스,-0.03320792937864502
1525,070960,용평리조트,0.08940384660277316
1526,016880,웅진,-0.6414146991862891
1527,005820,원림,-0.048012738721986824
1528,077500,유니퀘스트,0.3924197329353929
1529,074610,이엔플러스,-0.8404032789280806
1530,101140,인바이오젠,0.1889880898604062
1531,249420,일동제약,-0.3136016911446285
1532,007110,일신석재,0.26540643680320225
1533,007570,일양약품,0.9772976800963867
1534,044380,주연테크,0.9736242705065936
1535,010580,지코,-0.5195458237610043
1536,003780,진양산업,0.2659704121379943
1537,001620,케이비아이동국실업,0.18149180787025881
1538,029460,케이씨,-0.6878365582154655
1539,053210,케이티스카이라이프,-0.8814133340155053
1540,002020,코오롱,-0.5419668034783438
1541,004870,티웨이홀딩스,0.584502694009166
1542,005690,파미셀,0.7158588723919153
1543,010770,평화홀딩스,0.894637514949976
1544,017810,풀무원,0.8849014697876589
1545,000140,하이트진로홀딩스,0.7074790990824144
1546,025540,한국단자공업,0.39850711471843386
1547,009540,한국조선해양,0.9028491363748857
1548,017960,한국카본,0.406463469597562
1549,128940,한미약품,0.1754963382880744
1550,004960,한신공영,0.9598582607609679
1551,014130,한익스프레스,-0.235950298696306
1552,272210,한화시스템,0.8181915673240143
1553,003530,한화투자증권,-0.12001084144126406
1554,086280,현대글로비스,0.9623345520987864
1555,004310,현대약품,-0.48439463845300645
1556,267250,현대중공업지주,0.02099503027816488
1557,001450,현대해상,-0.274649592939735
1558,013520,화승알앤에이,0.8391285078461397
1559,298040,효성중공업,0.10605522783583568
1560,298020,효성티앤씨,0.40604612637463555
1561,045890,GV,-0.6748819144252964
1562,078150,HB테크놀러지,0.397820969112202
1563,095340,ISC,-0.30081204671853107
1564,035600,KG이니시스,0.5798147754077151
1565,219550,MP한강,-0.6712853529131839
1566,053290,NE능률,0.29041023110053193
1567,060250,NHN한국사이버결제,-0.053402901433511084
1568,019550,SBI인베스트먼트,0.8715111103663914
1569,255220,SG,0.6904290728523804
1570,094480,갤럭시아머니트리,-0.27127299641024155
1571,014570,고려제약,0.861542713128267
1572,053270,구영테크,0.9121560177597174
1573,078130,국일제지,0.16329078254331023
1574,053260,금강철강,0.6545495199220612
1575,049080,기가레인,-0.7569453133976977
1576,151910,나노스,-0.6263480729135886
1577,091970,나노캠텍,0.4828877390819862
1578,051490,나라엠앤디,-0.7900281329428489
1579,293580,나우IB,0.8285577821913672
1580,290660,네오펙트,-0.4781957832433035
1581,142280,녹십자엠에스,0.3499727701253149
1582,214870,뉴지랩,-0.7562173329699916
1583,008830,대동기어,-0.6319959179580231
1584,004780,대륙제관,0.8874684541426077
1585,317850,대모,-0.25321257269172415
1586,290670,대보마그네틱,-0.9959428629742072
1587,025440,대성엘텍,-0.9296893756590252
1588,027830,대성창투,-0.2345570569189328
1589,006580,대양제지,0.9111248866349738
1590,120240,대정화금,-0.6975146062410469
1591,140520,대창스틸,0.34419036995591124
1592,263600,덕우전자,-0.49479613488736324
1593,194480,데브시스터즈,0.38224893428612366
1594,033500,동성화인텍,-0.3563112537572581
1595,060380,동양에스텍,-0.8664610515823516
1596,079960,동양이엔피,0.03349817582731973
1597,023790,동일철강,-0.4556895823300381
1598,066670,디스플레이텍,-0.2534452155603145
1599,109740,디에스케이,0.4879460096390427
1600,227100,디자인,-0.5237582725578048
1601,113810,디젠스,-0.6325120254813635
1602,228670,레이,-0.8012530460666258
1603,267980,매일유업,0.1635485218502531
1604,067280,멀티캠퍼스,0.4870792637851267
1605,072870,메가스터디,-0.9840814110317249
1606,065650,메디프론,-0.13373518646679391
1607,087260,모바일어플라이언스,0.6467505265234368
1608,201490,미투온,0.08619742312313992
1609,208710,바이오로그디바이스,0.7295893048630308
1610,036620,버추얼텍,0.18636934129257093
1611,299910,베스파,0.8036764941126217
1612,093190,빅솔론,0.990296737786349
1613,018310,삼목에스폼,0.5436935019999506
1614,038540,상상인,0.5006828058779871
1615,263810,상신전자,0.29809431335383085
1616,178320,서진시스템,-0.8047005641094388
1617,140070,서플러스글로벌,-0.17478452047599327
1618,171090,선익시스템,0.9988221327771794
1619,014620,성광벤드,0.4244197966526722
1620,158310,스타모빌리티,0.533526057147071
1621,138070,신진에스엠,0.47968886582996506
1622,036710,심텍홀딩스,0.6120016661113818
1623,049960,쎌바이오텍,0.5882189446678259
1624,260930,씨티케이코스메틱스,0.4485591158391174
1625,125210,아모그린텍,0.014174164171686935
1626,074430,아미노로직스,-0.030193148416091945
1627,143160,아이디스,-0.6770891389786556
1628,052860,아이앤씨,0.3119766523747979
1629,069920,아이에스이커머스,-0.37724038580229907
1630,101390,아이엠,0.5495630052718583
1631,059120,아진엑스텍,-0.992004707324195
1632,158430,아톤,0.6676030929505331
1633,052790,액토즈소프트,-0.439561355549167
1634,092600,앤씨앤,0.17824022872512482
1635,041510,에스엠,-0.28646750069003735
1636,039440,에스티아이,-0.4248558712372544
1637,047920,에이치엘비제약,0.9792667371859787
1638,044780,에이치케이,0.19078732471645735
1639,045660,에이텍,-0.16278835665299804
1640,086520,에코프로,0.886638931113863
1641,247540,에코프로비엠,0.9133102293635899
1642,156100,엘앤케이바이오,0.668409791675158
1643,014940,오리엔탈정공,0.08852957564960026
1644,010470,오리콤,0.9126957702707963
1645,241790,오션브릿지,-0.47109132881118204
1646,031510,오스템,-0.09860508552773385
1647,046970,우리로,-0.6797357471476217
1648,215380,우정바이오,-0.9328709107301894
1649,030530,원익홀딩스,-0.18136197994525927
1650,101160,월덱스,0.6717327561493923
1651,076080,웰크론한텍,0.13570055201897102
1652,900340,윙입푸드,-0.7977556324098293
1653,036200,유니셈,-0.9800288168521121
1654,142210,유니트론텍,-0.31429584750372974
1655,023410,유진기업,0.30524628619758487
1656,056080,유진로봇,-0.965683431269463
1657,215790,이노인스트루먼트,-0.9051564233417918
1658,041520,이라이콤,0.7263120172070611
1659,078020,이베스트투자증권,0.2725361732144096
1660,226360,이엑스티,-0.6746407398211601
1661,088290,이원컴포텍,0.3593211480309449
1662,090850,이지웰,-0.5981343364881635
1663,092130,이크레더블,-0.0767899132709208
1664,150840,인트로메딕,0.6001115543093234
1665,048530,인트론바이오,0.3464034593318807
1666,041020,인프라웨어,-0.9597831985505381
1667,058450,일야,-0.6606771033172051
1668,094820,일진파워,0.36337162318474786
1669,187420,제노포커스,-0.902841106857146
1670,123330,제닉,-0.9703104070277808
1671,204840,지엘팜텍,-0.8822065848170711
1672,109820,진매트릭스,0.7163637347146562
1673,004650,창해에탄올,0.4909218120424947
1674,096240,청담러닝,0.5169457110010401
1675,013720,청보산업,-0.3227762177290096
1676,900310,컬러레이,-0.761979543629733
1677,263700,케어랩스,0.2143897437318971
1678,214370,케어젠,-0.6597486177153066
1679,272110,케이엔제이,0.6831954062935168
1680,083550,케이엠,0.8982352303754871
1681,225430,케이엠제약,0.5002183454239316
1682,064820,케이프,0.5505261642841619
1683,089010,켐트로닉스,0.5414158399711811
1684,220260,켐트로스,0.49648342792643907
1685,046070,코다코,-0.7026047297879051
1686,123410,코리아에프티,0.8452750341939245
1687,009730,코센,0.6114600718815318
1688,051780,큐로홀딩스,-0.775767973223895
1689,140860,파크시스템스,-0.3571466684089512
1690,091700,파트론,0.48309808048768876
1691,032800,판타지오,-0.5499904802050214
1692,222110,팬젠,-0.25919537779014873
1693,009520,포스코엠텍,-0.930989668311216
1694,256630,포인트엔지니어링,0.9600019017434126
1695,141020,포티스,-0.9158542644806367
1696,237750,피앤씨테크,-0.9359840799123751
1697,057880,필로시스헬스케어,0.22776964766342256
1698,003380,하림지주,-0.7189410232383332
1699,106190,하이텍팜,0.007444636859856578
1700,004590,한국가구,0.16079194858993245
1701,101680,한국정밀기계,0.966008494929762
1702,047080,한빛소프트,-0.4394555738340287
1703,042520,한스바이오메드,0.1204667674581127
1704,052260,현대바이오랜드,-0.5408226929919091
1705,039010,현대통신,-0.5655575785167133
1706,050090,휘닉스소재,0.8889525460311289
1707,090710,휴림로봇,-0.9556680625515394
1708,001460,BYC,-0.13762026411060077
1709,005830,DB손해보험,-0.907547405262014
1710,078930,GS,0.02705693527332145
1711,011200,HMM,0.9361531179664834
1712,175330,JB금융지주,-0.9237002185415245
1713,000680,LS네트웍스,-0.4541227655111147
1714,005940,NH투자증권,-0.8144108829869227
1715,034730,SK,0.7329823713939283
1716,006120,SK디스커버리,-0.28786056248717856
1717,024070,WISCOM,0.5175346089264383
1718,000860,강남제비스코,-0.9304229702153376
1719,009450,경동나비엔,0.8002917116538152
1720,017040,광명전기,0.9867006030433882
1721,083420,그린케미칼,0.2197677677039144
1722,011780,금호석유화학,0.6428213491316928
1723,214330,금호에이치티,-0.6032565278851032
1724,004540,깨끗한나라,-0.019322169647196023
1725,001260,남광토건,-0.355406121442568
1726,000320,노루홀딩스,-0.9127424631285721
1727,000490,대동공업,-0.5783784756932437
1728,084690,대상홀딩스,0.26276117856887077
1729,117580,대성에너지,0.19191859018567856
1730,009320,대우부품,0.02028884047380911
1731,042660,대우조선해양,0.18960305211513004
1732,015230,대창단조,-0.7384182181428495
1733,016090,대현,0.9894173384356336
1734,002150,도화엔지니어링,0.788910151265245
1735,005190,동성화학,-0.8358273105453129
1736,028100,동아지질,0.8428078252611325
1737,163560,동일고무벨트,-0.8842468098686027
1738,004890,동일산업,-0.23310302665559077
1739,002690,동일제강,0.08774979397392534
1740,016740,두올,0.5968245894578289
1741,192650,드림텍,0.5466559662741061
1742,004990,롯데지주,-0.3407644648223639
1743,012690,모나리자,0.4629208411776927
1744,009200,무림페이퍼,-0.0866456419847842
1745,025560,미래산업,0.8447345208151885
1746,006800,미래에셋대우,-0.19479386169705862
1747,000890,보해양조,-0.8719086627649578
1748,001820,삼화콘덴서공업,0.8904273360472281
1749,041650,상신브레이크,0.6450337293828671
1750,017390,서울도시가스,-0.4004763409054335
1751,012600,센트럴인사이트,0.8762138334009887
1752,016590,신대양제지,0.8018934297926164
1753,029530,신도리코,0.31108397504833385
1754,004080,신흥,0.013030705048625668
1755,015540,쎌마테라퓨틱스,-0.19731572572918538
1756,112610,씨에스윈드,0.8760395300864663
1757,002790,아모레퍼시픽그룹,0.4672575833664313
1758,012750,에스원,-0.6616623759324567
1759,006740,영풍제지,-0.6567318462891649
1760,015360,예스코홀딩스,0.16482706827296348
1761,004720,우리들제약,0.07649763702825348
1762,010050,우리종금,-0.682322033399351
1763,010400,우진아이엔에스,0.5441264008237722
1764,095720,웅진씽크빅,0.5896438664622011
1765,000700,유수홀딩스,-0.9284934839054916
1766,072130,유엔젤,0.3991310637898608
1767,008730,율촌화학,-0.7841629518079598
1768,000760,이화산업,-0.8021929560353124
1769,023810,인팩,0.4913705094657705
1770,003200,일신방직,0.22954437064797673
1771,020760,일진디스플,-0.2375973643802687
1772,020150,일진머티리얼즈,0.6100553198696019
1773,006220,제주은행,0.8671507142158368
1774,089590,제주항공,0.849422756499146
1775,185750,종근당,0.8882589732273822
1776,100250,진양홀딩스,-0.5865296572578031
1777,000650,천일고속,0.8723725411184224
1778,006380,카프로,-0.7403632451957591
1779,033780,케이티앤지,-0.9553529564620441
1780,003240,태광산업,0.9823027789917166
1781,009410,태영건설,0.0850114599542025
1782,103140,풍산,0.7739695822050536
1783,086790,하나금융지주,-0.780036123750972
1784,036460,한국가스공사,0.4806052127916974
1785,015760,한국전력공사,-0.9181938629743276
1786,161890,한국콜마,-0.16241559442893272
1787,011500,한농화성,-0.9159283538606381
1788,003680,한성기업,0.22402255813663194
1789,016450,한세예스24홀딩스,-0.5855018822492539
1790,003300,한일홀딩스,0.5735650771681883
1791,051600,한전KPS,0.2621954161043175
1792,180640,한진칼,-0.7500143557977257
1793,005110,한창,-0.7007076188633947
1794,000720,현대건설,0.8224567977580465
1795,005440,현대그린푸드,-0.7297142850242534
1796,064350,현대로템,-0.4432136231792544
1797,010620,현대미포조선,-0.26771923173007073
1798,011760,현대종합상사,-0.2221871100107252
1799,010690,화신,0.19910376198929414
1800,069260,휴켐스,-0.4157886463723667
1801,000540,흥국화재,-0.5569852844264509
1802,265520,AP시스템,-0.711470866759971
1803,900290,GRT,0.5560456596037924
1804,065150,MP그룹,
1805,078590,OQP,-0.6346482900627968
1806,178920,PI첨단소재,-0.2732308688378908
1807,091340,S&K폴리텍,-0.05892406800089483
1808,036540,SFA반도체,-0.9683075300628373
1809,016250,SGC이테크건설,-0.29142194788789655
1810,089230,THE E&M,0.9679034115716891
1811,161570,THE MIDONG,-0.5592638396856495
1812,032540,TJ미디어,0.8357326927800262
1813,040300,YTN,-0.2787495105735247
1814,121440,골프존뉴딘홀딩스,0.6673616473866861
1815,036190,금화피에스시,0.8087751291247589
1816,308100,까스텔바작,0.5311513231221168
1817,190510,나무가,0.9267850757976588
1818,306620,네온테크,-0.7783535030830284
1819,144510,녹십자랩셀,0.9533342832915499
1820,234690,녹십자웰빙,0.548472207573142
1821,126870,뉴로스,-0.888992748766171
1822,270870,뉴트리,-0.9377631950233805
1823,119860,다나와,-0.49543167895575435
1824,032190,다우데이타,0.8759605601646338
1825,048470,대동스틸,-0.7478459630424914
1826,010170,대한광통신,-0.7501399452315297
1827,263800,데이타솔루션,-0.5357581594213249
1828,206560,덱스터,-0.780820492516814
1829,067990,도이치모터스,0.3220782539436284
1830,005160,동국산업,-0.851682834477733
1831,109860,동일금속,0.28834550302613443
1832,025900,동화기업,0.9646989024049958
1833,030350,드래곤플라이,-0.7942645053562333
1834,203650,드림시큐리티,0.1271890439445537
1835,217620,디딤,0.7295657550022077
1836,104460,디와이피엔에프,0.05425381045781359
1837,197140,디지캡,0.3728216073664282
1838,106520,디지탈옵틱,0.7437474845817015
1839,060300,레드로버,
1840,071280,로체시스템즈,-0.07553638617422473
1841,038060,루멘스,-0.3942573236616361
1842,085370,루트로닉,-0.021407127782267974
1843,058470,리노공업,-0.30189091004627233
1844,305090,마이크로디지탈,0.1381610633179917
1845,093520,매커스,0.1847562191619335
1846,041920,메디아나,0.7363986540133429
1847,100030,모바일리더,0.5607307167338382
1848,218150,미래생명자원,-0.3225280401744826
1849,064520,바른전자,
1850,267790,배럴,-0.05287424395043561
1851,046310,백금T&A,0.9533208653873684
1852,006910,보성파워텍,0.19744404055536713
1853,251630,브이원텍,0.40514701964553906
1854,018290,브이티지엠피,0.43322089351228815
1855,200780,비씨월드제약,-0.09696273516754292
1856,141000,비아트론,-0.38053712599089
1857,072950,빛샘전자,0.7301627936515288
1858,122350,삼기,0.4634232673705299
1859,065570,삼영이엔씨,0.38130546393012116
1860,101000,상상인인더스트리,-0.3761848817223227
1861,043710,서울리거,0.7606099143422469
1862,018680,서울제약,0.8895472305994969
1863,189860,서전기전,0.19597449689878324
1864,035890,서희건설,0.4816640475738011
1865,039310,세중,0.38195208455249213
1866,091990,셀트리온헬스케어,0.9667415497907814
1867,036830,솔브레인홀딩스,-0.5627061030271314
1868,086980,쇼박스,0.7225789403406847
1869,317770,슈프리마아이디,-0.3443346192198085
1870,002800,신신제약,-0.9916062336600143
1871,012790,신일제약,-0.600493032945501
1872,160980,싸이맥스,-0.030359381857803635
1873,208640,썸에이지,0.9676592226137094
1874,050890,쏠리드,-0.36272056799333774
1875,222080,씨아이에스,-0.23985369429011727
1876,297090,씨에스베어링,-0.8145303569199638
1877,025980,아난티,0.8848146673282301
1878,083930,아바코,0.03781497395039865
1879,050860,아세아텍,0.04062950382008361
1880,067390,아스트,0.6035115597904779
1881,090740,아이엠이연이,-0.4429886628085521
1882,084850,아이티엠반도체,-0.7615175827001943
1883,297570,알로이스,0.5807917848494581
1884,030960,양지사,0.662173454966371
1885,238120,얼라인드,0.5291470995960611
1886,056190,에스에프에이,0.7694268473540243
1887,069510,에스텍,-0.36547566310858065
1888,050760,에스폴리텍,0.7902282019132144
1889,317830,에스피시스템스,-0.8714914439446662
1890,200710,에이디테크놀로지,-0.9753670503031548
1891,312610,에이에프더블류,0.43617619136160873
1892,067630,에이치엘비생명과학,0.749628590975155
1893,043220,에이치엘비파워,-0.6026963413691934
1894,230240,에치에프알,-0.7495486482874006
1895,227950,엔투텍,-0.8762001225447176
1896,066970,엘앤에프,-0.5999971758028068
1897,170920,엘티씨,-0.1272417271122036
1898,033310,엠투엔,0.663094261726434
1899,143540,영우디에스피,-0.06406842554084498
1900,036560,영풍정밀,-0.8648944725993002
1901,250930,예선테크,-0.3474277761111176
1902,039830,오로라,-0.4121618808853462
1903,039200,오스코텍,-0.3584269111060298
1904,173130,오파스넷,0.33654415918508546
1905,226950,올릭스,-0.242312023783403
1906,057540,옴니시스템,0.6396358648479572
1907,215360,우리산업,0.7449028382013185
1908,153490,우리이앤엘,-0.1476542216924967
1909,046940,우원개발,0.4944850480278504
1910,097800,윈팩,0.726888304862223
1911,032620,유비케어,0.32721506025534974
1912,056090,유앤아이,0.14542679648128906
1913,302430,이노메트리,-0.9515536860887829
1914,246960,이노테라피,-0.8569873682284068
1915,036260,이매진아시아,
1916,067010,이씨에스,-0.09868939795646867
1917,039030,이오테크닉스,0.3117796898132919
1918,119610,인터로조,0.9793749140079646
1919,101930,인화정공,0.66707523559085
1920,043910,자연과환경,-0.7722435181525384
1921,022220,정산애강,-0.9039024947925366
1922,054950,제이브이엠,-0.9997591065876329
1923,126880,제이엔케이히터,-0.14884010177526572
1924,038010,제일테크노스,-0.5413251957022056
1925,216080,제테마,-0.06802651880413335
1926,228760,지노믹트리,-0.847158657978001
1927,051160,지어소프트,0.6577691648290677
1928,053050,지에스이,0.6907902701263224
1929,270520,지엔원에너지,0.41699567411011107
1930,111820,지와이커머스,
1931,007370,진양제약,0.9949435775660475
1932,085660,차바이오텍,0.18019759255734677
1933,311690,천랩,-0.19952868945290045
1934,043290,케이맥,-0.11764179708621679
1935,039420,케이엘넷,0.16970883465610123
1936,033110,코너스톤네트웍스,0.2743817631981583
1937,104540,코렌텍,-0.10694303455611791
1938,027050,코리아나,-0.4988033636789036
1939,222040,코스맥스엔비티,0.22646232886506934
1940,950160,코오롱티슈진,
1941,015710,코콤,0.35473908238860113
1942,114120,크루셜텍,-0.7784415273320517
1943,110790,크리스에프앤씨,0.19550568125724255
1944,036170,클라우드에어,0.4749339163697505
1945,095610,테스,-0.1889550796661913
1946,054450,텔레칩스,0.9257874852143227
1947,108230,톱텍,0.9266424895868871
1948,105550,트루윈,-0.5084560493592405
1949,033830,티비씨,0.6806590778349842
1950,081150,티플랙스,-0.7041579623891902
1951,047310,파워로직스,-0.30576916958175476
1952,170790,파이오링크,-0.5129537572988278
1953,016670,포비스티앤씨,0.6673404725867077
1954,189690,포시에스,-0.33781438977430495
1955,195440,퓨전,-0.5481428769912405
1956,035200,프럼파스트,-0.8009444986234212
1957,300080,플리토,0.055051102042988395
1958,006140,피제이전자,-0.6295141102617542
1959,136480,하림,-0.13465038061482854
1960,013030,하이록코리아,-0.26557336539889975
1961,126700,하이비젼시스템,0.08183593616492464
1962,066130,하츠,-0.4211001984861528
1963,039740,한국정보공학,0.8764003833434543
1964,052600,한네트,0.7726070863552109
1965,092460,한라IMS,-0.504172657090923
1966,045100,한양이엔지,-0.7700400932351397
1967,066110,한프,0.1777249629038001
1968,076610,해성옵틱스,0.23316584381157074
1969,008800,행남사,
1970,060560,홈센타홀딩스,-0.4705130091623702
