,회사코드,주가상승율
0,155660,-4.4734594860010946
1,001250,-2.033808681080011
2,294870,-59.4260126391757
3,001390,-3.938414521996322
4,011070,6.733355424794779
5,066570,-8.096020448202454
6,037560,-5.989542527525034
7,010060,-69.29560269332795
8,100840,-0.5654350867572873
9,064960,-0.5577490249822912
10,096770,-56.24625268183098
11,011810,-33.02081061427355
12,037270,1.3115920304480844
13,011420,-1.5761107918568689
14,010130,-89.25642530410397
15,014530,-0.28022408724322334
16,013700,0.5688817996228183
17,008350,5.150291008609951
18,014160,0.3935573519379539
19,003090,12.958516874864078
20,006650,-181.3722547259903
21,000150,-53.675712789646965
22,241560,-10.153668485462536
23,115390,-9.000417297283834
24,286940,-3.7122101650120265
25,027740,0.06342975913061842
26,204320,-26.21527633456642
27,008560,-0.9208488866500842
28,001270,-4.614382609113455
29,006400,285.18282590975076
30,028050,0.7242591575018242
31,010140,-4.739330961742495
32,068290,15.28667001470519
33,000810,-109.04842364457508
34,000070,-75.80457089878313
35,005680,-6.858104687342903
36,003720,0.2192809902974251
37,001290,-0.7380499620390395
38,007610,-1.6363107996613322
39,004490,-2.820954424857445
40,091090,-0.40443243946806096
41,055550,-21.178676706206318
42,003620,-4.998782363895691
43,011090,-1.5889301313679305
44,012280,-0.03123161931302165
45,008600,-1.5893258329135573
46,033270,17.283594878187454
47,023800,1.658205751330223
48,129260,-1.3766091335355124
49,013360,-0.24231222861535734
50,081000,37.949388703331635
51,271980,4.482383766760922
52,001560,0.5761683211747677
53,002620,-34.612298347093464
54,002600,-149.89207215239097
55,071320,-47.86689017429504
56,088790,-3.5491218516966385
57,120110,-50.79617347415433
58,020120,5.363900645368109
59,015890,-0.004780742245140766
60,004100,-1.3764443881777384
61,058430,-22.843987633357504
62,005430,-11.268293935410824
63,023350,-4.365882203700815
64,009180,-0.5006692263781204
65,002220,-1.1523095046796907
66,006390,5.355400517052054
67,009460,2.202652704049538
68,088350,-7.114217418875844
69,267270,-91.95510913439855
70,012330,-35.87907556004334
71,004560,-6.851422210918039
72,017800,3.0464184949003443
73,001500,-1.5449373755369227
74,057050,-68.58666634126885
75,111110,-11.314215428836187
76,245620,13.63644424200789
77,083450,9.226538403997413
78,028150,-112.77850335560152
79,099520,0.51070233433533
80,067290,-4.061711048514401
81,024120,-1.6696447558264327
82,060720,10.420927249055046
83,051390,-0.5660944622248085
84,223310,-40.346532917993514
85,024910,-2.100151742155784
86,198440,1.2773111412019358
87,215000,19.360735007581393
88,043650,-4.553554049658505
89,204020,-4.881135199948978
90,286750,32.97850601726788
91,056000,0.03231206718753186
92,085910,-1.5987669456317444
93,007390,-2.3814225045387296
94,031390,7.680387650491725
95,012340,-1.8374645637324045
96,085670,-1.4784721250371637
97,078140,-2.813088123195615
98,290380,-15.516764044450378
99,290120,0.7884739806229871
100,003310,-0.8442652129519012
101,023910,-6.239892806839659
102,006620,-15.416010006182013
103,099410,1.2994370999020886
104,196490,-8.67801942802944
105,066900,-1.110908733156373
106,127120,5.547574165599274
107,092070,-4.141874848184757
108,033130,0.20051541235339784
109,060240,-6.161072048543254
110,219420,-9.780446616135949
111,086900,-344.9575746320877
112,021880,-0.5620161979476297
113,327260,-10.581671057160404
114,080160,-20.698406084532508
115,250060,0.28930058916071905
116,118990,-3.1476069649967213
117,028040,-4.148813753345657
118,207760,9.172185019675764
119,206640,2.8941982585369606
120,053030,7.414153000275953
121,337930,-20.066466784669295
122,023600,2.7105559180266976
123,111870,-1.2751518724420208
124,009300,-4.40902073940808
125,042940,-0.4561099478562704
126,100660,2.1650173700153283
127,080470,2.05398724821867
128,011560,-6.674579617156752
129,036630,-0.5439258713257535
130,053450,-11.860276641533499
131,049180,-6.635994388412888
132,208370,-5.5357330024444265
133,068760,85.46813061366852
134,053110,-1.5945224106945048
135,204630,-2.3715919185925842
136,013810,1.8455430603639653
137,049830,-4.720639869393452
138,269620,1.1550397883069186
139,222800,4.838056279332675
140,010280,-0.36977602079902194
141,115480,-1.1096049810271469
142,900120,-1.4187356438866587
143,123860,11.945340411244372
144,149950,0.6437843995386978
145,099190,-0.9868642238187906
146,040910,2.1822653611604403
147,068940,1.5444356527715444
148,078860,-1.7506967263072575
149,114810,-6.114542384527945
150,031310,0.31508277370627985
151,124500,2.3591995366131653
152,260660,-6.631064366644996
153,096610,-2.7825288189978443
154,061040,4.911975186382407
155,310200,-2.1377264408334744
156,102120,1.6181930684417123
157,065420,-0.5257525936812064
158,103230,-3.712441242495989
159,101490,33.005537101516374
160,095910,-3.7076538906076077
161,096630,-1.1093775203236995
162,043340,-0.44456460436899975
163,096690,-30.914245878474336
164,241840,14.53877546256672
165,021080,-0.7757459268391304
166,950130,10.434209517810004
167,070300,-0.44787991244256453
168,092870,-2.0209379897253106
169,048830,-1.4025469497576866
170,058630,-0.4065081852169483
171,019590,0.27335734159132
172,097520,28.01747123184557
173,265560,-1.2532579248590954
174,045060,0.5684931398894132
175,048260,-24.87716677134054
176,049480,-1.1113276192967518
177,109080,1.1728537376197887
178,019210,-10.220656012175981
179,082850,1.2660376320037914
180,074600,4.022929615053108
181,014190,-0.8915286236320424
182,008290,-1.754371802346754
183,095270,-14.264348918999207
184,065950,3.582680472177661
185,036090,-0.7700114130743574
186,203450,-0.4596468569303319
187,241690,0.36240501021126337
188,078070,33.5926598894944
189,054930,3.518919404679604
190,178780,-4.535044519124941
191,047560,-0.25515383753979937
192,900110,-0.8631293381344767
193,087730,-28.994609963045736
194,123570,1.9752165325481084
195,079950,-3.8402452406437644
196,064290,8.84445037193861
197,254120,-0.6109891292977142
198,234920,-4.487443584470542
199,174880,0.7166982722011245
200,040420,-1.2785048173495006
201,079370,-3.381863113525836
202,094970,-1.4538040594140837
203,023440,0.9912207413655499
204,080220,-0.9713015645915313
205,082270,15.45908484659209
206,034940,-0.415463489156944
207,036930,-7.693269082516693
208,119850,0.4573205675700652
209,065060,-2.3026915229927245
210,071850,-3.5487483432992772
211,042040,-0.7198022496429204
212,054410,-3.861105211157128
213,274090,0.876465240120791
214,078650,-1.6541484218269227
215,126600,-3.009136255634563
216,043590,-3.942344031168029
217,139670,12.302113624088996
218,026150,2.424996742844076
219,246710,4.7590808426787925
220,131290,19.36078775761879
221,033540,2.2125301421975774
222,037070,8.993426010700253
223,065690,-1.9473123728835322
224,225590,-1.24773301312154
225,005670,1.938854381043137
226,203690,-2.0812440187495245
227,335810,591.4285714285713
228,032580,-1.196657999136425
229,024850,0.42492322327387594
230,221840,-4.71765764920666
231,222980,-1.1069461884793155
232,050540,-3.164796963834956
233,078350,1.5809310775637828
234,123840,-2.2460762297781462
235,007770,-5.226328166498947
236,034810,-4.358356171557359
237,048410,11.320383326259744
238,039610,1.3448877396583554
239,115160,-8.792155891486438
240,189330,22.883405384800092
241,250030,23.69124020541654
242,079160,-62.11955152807962
243,097950,-61.311616333597854
244,089470,-3.998667012910286
245,096760,-3.434159818377173
246,105560,-21.769704013820263
247,119650,2.3446795486071257
248,001380,-3.8963094548531494
249,014280,-4.766004329570539
250,002990,-1.9027401165813964
251,001210,-8.62010561955682
252,024110,-7.048592826020335
253,004270,1.6134656482223304
254,251270,-58.81034981311615
255,006370,-8.563911119110477
256,047040,-4.064497661393825
257,003220,-1.2751258914597436
258,001070,14.704261300551538
259,001790,-8.644415556913925
260,005880,-1.027783317590943
261,024900,-0.28713472346841556
262,018500,-3.1371376024764817
263,042670,-3.831582858297004
264,024090,-2.149781888128484
265,007340,-19.45574195596885
266,000400,-1.7246409279532364
267,280360,-96.83035490499196
268,005300,-57.41632274277825
269,011170,-238.7013805129668
270,071840,-49.5077499973625
271,107590,-11.231005798309537
272,035150,-2.878489081314247
273,002760,1.0689927653641476
274,003960,-11.770046444183533
275,008040,-0.942775043461582
276,003230,55.07863441720044
277,021050,2.068967000466362
278,136490,-9.854509511721504
279,011300,-0.4707655098138585
280,004360,-6.03860997677346
281,058650,-105.42506043692543
282,067830,-3.2322260020060267
283,006880,-3.126687858199765
284,002700,0.18623311728697542
285,019170,81.85786674018624
286,004770,0.4635689175425398
287,122900,-2.420959280403056
288,003560,-0.6873156243195723
289,078520,-16.714526508673316
290,036570,525.401958462714
291,014440,-2.253444609219461
292,003520,-4.30639045730215
293,000670,-724.9146116713843
294,047400,0.8661918654866421
295,000220,2.6058542627051025
296,000100,20.926037024425053
297,139480,-158.86564667160616
298,005950,-6.704438438990392
299,015020,-0.6355173882554015
300,034590,-6.201981418513332
301,008500,-17.091900225401552
302,001630,61.44696021871818
303,013870,-1.1363679349428069
304,011000,10.047897110225845
305,109070,-39.73896241057757
306,281820,5.689505440133438
307,007810,-3.650781215343068
308,005420,-5.159609054855336
309,071950,-0.47611416023275116
310,138490,-4.113643155275899
311,192400,-22.35473397266379
312,015590,0.14624872875587583
313,084870,-9.646514449125005
314,003670,57.8258147497494
315,033180,-0.6205646719907361
316,019490,-2.6699151792109435
317,071050,2.0437385514941413
318,006200,-0.24619980468504232
319,161390,-40.94865031720569
320,034830,-1.8549790251869358
321,007280,-1.1379550628151263
322,018880,1.0680300072718782
323,009830,-1.878270149592754
324,101530,-14.328755074966702
325,322000,93.08566018006499
326,011210,-33.022927327099694
327,227840,-7.699704841296747
328,008770,18.365432048863575
329,006060,-1.8661062960283792
330,000850,-30.146824326995326
331,016580,-5.856569089266156
332,004800,-12.222127738219488
333,298000,-68.99595303517555
334,003280,-3.1995453328101546
335,054620,-6.201065932081085
336,035760,-99.73039011004167
337,058820,-0.04224458145895931
338,065770,1.0374092461028208
339,083660,-2.1124881582521464
340,037370,-0.7545978013021762
341,036640,-1.46548437944284
342,030190,13.919606655046405
343,024940,-0.1765578071135778
344,036120,2.474148922634508
345,048550,-1.5380686851246044
346,038340,-1.4417620520806842
347,192410,-109.46215745365022
348,217730,-2.0836485306953736
349,063080,-44.196323309682256
350,044480,-4.142154995371343
351,098460,36.326069208303295
352,014200,-4.620560401144333
353,006050,1.4788493958468312
354,039860,4.19595177146701
355,138610,14.192564672499167
356,091590,8.972102602508894
357,092730,0.746625300468663
358,089140,-14.3087802882135
359,348210,349.79488756959614
360,217270,-1.4565332065298695
361,065560,-8.026404368059001
362,040160,-4.696837590769786
363,144960,-0.13176298378616408
364,104040,-1.1309984768585588
365,045390,4.754841404788154
366,078600,31.344036506584928
367,096350,0.02690854401888937
368,213420,14.788911077800208
369,100130,-1.271017680414344
370,088130,-15.89890398133132
371,214680,-0.5180061934899338
372,134580,-2.7929007474362524
373,039840,-3.8543270220137993
374,131180,-1.120606833888099
375,033600,-4.280433295162645
376,038390,-1.489341886720121
377,228850,-10.378648030523335
378,215100,1.514441180721247
379,005990,-16.90886322652531
380,100590,-3.1941481708523014
381,014100,-9.43171538164398
382,059210,-2.061934835781508
383,058110,24.109756278303102
384,257370,-15.143314129684846
385,001810,-1.4837657628869299
386,100790,-0.8403084265774111
387,008470,-1.5179369193444308
388,138580,-3.2114207417116183
389,032850,4.482085705972818
390,143240,8.485221028376598
391,014970,4.550091689733688
392,225190,-11.167096438822046
393,032280,-0.6857073328780307
394,002290,-0.11658152302195936
395,037460,1.940964446093466
396,032750,0.6354297469282002
397,046390,-0.07810770489925824
398,027580,-1.744703610250693
399,091580,6.324446375646618
400,038070,0.36927703086690705
401,065710,13.26421235360117
402,148150,-2.5165993119250905
403,017510,-2.6448518569220703
404,108860,-2.384571999542918
405,066910,-3.9403496094527064
406,154040,-4.372665477185102
407,084180,-7.653718070497694
408,236200,12.428007320942545
409,253450,-18.49994537009412
410,033170,-0.8274271595070884
411,025870,2.854456227828302
412,215600,-42.13075895355622
413,099320,5.798356779136102
414,013990,-4.926116581650132
415,050320,-0.039060932394408096
416,052710,-7.201070304614309
417,092040,11.495824205352468
418,038880,-0.3411761580508061
419,123010,0.8948909110160256
420,290740,7.534544231088297
421,275630,-17.949678932448506
422,306040,-6.374670148590572
423,080440,-7.571556849350856
424,237690,10.039873943934719
425,138360,0.4166066777988313
426,073540,3.0138639173601396
427,036810,16.737791702940264
428,007530,-2.284613869090678
429,036000,-8.133185963710774
430,046120,-0.6756363465807111
431,052420,-4.07877037247755
432,073560,-0.5247484744752737
433,101170,-2.946715280592702
434,066590,2.7594874755522647
435,012620,-2.409218647379728
436,192390,-3.4515055559771333
437,313760,9.755223015870888
438,086390,6.783781537054741
439,206650,10.821739891592458
440,191410,-5.689322934839215
441,067920,-0.48732225938451756
442,044960,3.79421536734427
443,088390,-14.812521003094716
444,264850,-0.1359773221204151
445,052190,-5.787456435142304
446,083470,-13.873479073424622
447,091120,-4.463646644404881
448,181340,-3.5945182797732707
449,099750,-5.580430773708082
450,041830,-17.15292286686158
451,060150,2.7645254854496972
452,175140,-16.040654326716954
453,115310,-11.503653798072603
454,039290,-4.405382639238174
455,049550,-2.3581809016138084
456,110020,-2.3675767179103597
457,208140,-0.6782473463235704
458,225220,20.33123725022063
459,090470,-14.845767152691533
460,322510,22.10823361073427
461,052670,4.905421089566641
462,041590,-4.5174456576105655
463,101730,-6.657109211516593
464,067000,-1.069113531172666
465,239340,4.552166609277169
466,043610,-1.9792291325618616
467,263860,-2.6879647150828023
468,208350,-5.267827231043766
469,114570,-44.17012732333728
470,094850,-7.0254592653406975
471,278280,213.82570430522162
472,047820,0.27659335936770124
473,078340,-23.049383059713175
474,025880,-0.9635239211250937
475,105330,0.7352018921883299
476,047770,-1.0031296660744682
477,290510,12.706565068092011
478,049430,-2.505409802329722
479,041960,-22.86374657712635
480,045970,3.724946992567839
481,102940,-91.1083217696354
482,033290,2.2627631893206472
483,056360,4.42848054597687
484,182360,2.3918804727369376
485,083790,1.436329904072469
486,237880,-23.70962159411121
487,191420,-18.06813442692423
488,073640,1.1953740505152157
489,066700,2.638380444201074
490,131970,37.76233962558661
491,277880,16.030299839564634
492,043200,-1.72414209055135
493,208340,-36.18187113810583
494,150900,0.16100455391708438
495,038950,-1.3399071319702993
496,068050,0.8395493214756337
497,263750,-8.599048305948601
498,251970,-12.571422056465773
499,093380,-0.8963336563160926
500,237820,-3.606660166504163
501,131390,10.83188626634346
502,137400,10.62991173711212
503,347770,-8.249908659115816
504,067310,1.2192561024484534
505,039340,1.6250716097646296
506,034950,40.20338062914398
507,318000,-0.45604360618687256
508,256840,1.3801970766819034
509,023890,-0.10404658883303303
510,017890,6.061813637804009
511,063570,-4.522233632330714
512,053300,-0.7571818540379767
513,025770,-3.5136906684421194
514,037230,0.6270878051700886
515,030520,-3.773927957176631
516,024740,-0.805062465577423
517,054920,0.10013425202290027
518,002680,-0.19729708808353777
519,053660,-6.993759988346691
520,011080,-0.9223331201723393
521,290270,-0.34756438218396374
522,028080,-3.2889797672464973
523,189980,-0.8356555552208366
524,282330,-97.34484026102008
525,138930,-5.82868160623991
526,004840,-4.3198414753333845
527,006360,-3.7036354181800526
528,039570,-7.741362753363832
529,025000,-22.978881045869272
530,058860,-1.5475651536049315
531,001120,-20.844777612833287
532,023150,0.7783515880239874
533,034120,-11.17679295788272
534,101060,-1.4341198427464188
535,017670,-29.735787137964742
536,035250,-13.745117920484217
537,030610,-2.904959685625031
538,002720,5.148848987828471
539,001570,1.7498347906961143
540,002350,-9.481465543484907
541,005250,-11.683593708789035
542,072710,-48.918061142504804
543,058730,-2.3291836213548933
544,019680,-5.106495588762235
545,001880,9.539837273125586
546,069620,8.10866075535765
547,012510,87.71124451574387
548,004830,-0.0912237538375652
549,007590,-1.0983464706348174
550,026960,-9.637466152588955
551,102260,-2.5255648925240246
552,000640,-42.27278684040369
553,001520,-1.4926846756565446
554,082640,-8.856191004961936
555,006040,-161.96030832968847
556,003160,-1.9309901766719506
557,013570,-3.7292237622267272
558,026890,8.881981451561549
559,004000,-2.3885649104463256
560,002270,-394.72438617704984
561,090370,-3.1924741839410338
562,017180,-0.220899437710023
563,009680,-0.015676548464637105
564,134380,-19.773591119588406
565,002410,2.463330080626209
566,005180,-9.91149497037927
567,207940,465.7247670831632
568,018260,4.615393121878128
569,016360,-4.1937970786139545
570,029780,-9.987807114848785
571,002170,16.77986316258973
572,002810,-3.092157658294918
573,009770,-21.368424310623748
574,248170,3.9561555671054847
575,200880,-11.543311593962503
576,003080,-2.807111480403742
577,306200,18.793449948242536
578,308170,-12.484276136058016
579,336370,104.85658234383068
580,004430,-9.977820579454713
581,011930,-0.290169922487951
582,031430,150.94754828630386
583,031440,-122.71015265352392
584,001770,-0.1319795385782632
585,004920,-1.0006783400592816
586,183190,-40.514084959083135
587,018250,-65.02634831942045
588,244920,-38.30049261083744
589,181710,12.643458175512215
590,011330,0.07026679952049585
591,011690,-3.770418617941394
592,003460,-1.1839779959892178
593,025820,-1.0495591050187147
594,084680,2.876326901769135
595,003120,-65.64235627171891
596,194370,-9.885091987803175
597,025620,-21.567983701636642
598,001550,6.717897884316755
599,120030,21.65321540712924
600,063160,28.740183198973284
601,013890,13.942751121261855
602,051630,2.1590089500924905
603,005070,5.991242896381261
604,021240,-27.80895792237559
605,284740,-1.7197662283961108
606,012170,-8.422423049452972
607,007980,-2.350875072277085
608,055490,-2.397118060301267
609,078000,0.9631845413663889
610,036580,-10.943732615526079
611,016800,-4.8169077978918535
612,005810,-22.370600815299493
613,071090,-10.884523431375953
614,000080,15.724148700194593
615,004090,-20.673991676679645
616,002200,1.1797641196279336
617,123890,-4.569835609275009
618,025890,-1.955664267239062
619,024720,-17.35283343330419
620,047810,-39.31264603974963
621,060980,-38.2826163967708
622,008930,-42.22781903508615
623,009240,-144.0725602821707
624,004150,-3.8168669579231382
625,011700,-2.97393855802752
626,000880,-25.919121100485263
627,012450,-15.78164306324933
628,005380,-19.049812940740864
629,126560,-0.42345009903660646
630,094280,7.479088804751523
631,005870,-7.976860655882529
632,079190,-0.4173098675745266
633,950170,-12.260920445047175
634,021320,-3.354618227641961
635,036670,2.964320001810026
636,044180,-4.478642857206413
637,151860,0.20803140292347078
638,046440,1.0477011978580182
639,160550,-6.47402086079672
640,950110,4.492074084440479
641,063440,0.4386574899396781
642,121600,13.437888229153286
643,267320,1.67366969500849
644,137940,-3.269497500601541
645,041140,1.628997102306982
646,278650,26.297753418710666
647,069140,-1.3760759895430361
648,900100,-2.888854539928792
649,039560,5.212904997945292
650,068240,6.313182310611796
651,007720,-1.5180120786145885
652,036480,4.11341535137944
653,005710,-3.3014570704307067
654,090410,-0.1096316738171567
655,139050,-2.837597265031315
656,261200,-0.05034644311824668
657,025950,3.3545961743130714
658,032960,-1.042135598610602
659,073190,0.09079838516246949
660,060570,-0.8262423301127851
661,043360,-1.9884274044452153
662,068930,5.446831775554821
663,187220,-4.624873892455767
664,050120,-3.752020548872401
665,171010,3.5360382535644734
666,217500,-0.09430797861475357
667,141080,33.83563885316082
668,294140,4.824819916925179
669,090360,-7.186131621130675
670,012700,-0.6863672803339091
671,054180,-1.1643414068854436
672,078160,-15.256029793221126
673,049950,-47.54683571591907
674,064550,12.149317827618727
675,019010,0.4786807355465219
676,177350,-4.914342963964861
677,250000,-4.955167210758967
678,014470,-1.7387562659735691
679,064480,-4.876603934796887
680,054090,-0.08102787070470127
681,024950,-4.648679475901052
682,017480,-1.404165003133861
683,079650,-3.1966736207740074
684,122690,-3.1864327412236975
685,045300,1.0051437641892833
686,015750,-4.784769793116894
687,100700,-0.281070185132294
688,043100,-2.437438023472623
689,058530,-2.864134194569848
690,192440,17.351545188414875
691,131100,-4.362570772437228
692,159910,-1.1419343731064804
693,020710,-2.837569987542093
694,131090,0.24856210389011826
695,290520,-24.93399334481083
696,226330,71.0027726563207
697,108320,5.0322048511476565
698,222420,-2.161559916479532
699,136510,-5.225850810437595
700,115530,0.06688896676404452
701,225330,-3.389691269919654
702,101240,1.6157546439416965
703,036010,-3.8052100639953297
704,332370,-36.852171462787496
705,052770,-19.618020798259327
706,013310,-3.1683533586457253
707,067160,55.44480039068077
708,347860,2903.571428571427
709,085810,-3.499600599596329
710,196300,-8.117299940398814
711,205500,-7.7269983970344045
712,238090,1.8603707653954165
713,174900,3.1338119292108115
714,109610,-6.061377299663303
715,234300,-13.075250453030765
716,288620,24.527877537118158
717,298380,10.08902831786626
718,003800,6.69722304736839
719,039230,-2.637772840035321
720,072990,4.575712713381845
721,224110,7.1659766580448965
722,073070,-13.629911076147796
723,205100,-1.0922201575560992
724,067570,-0.23486255056218208
725,183490,58.15859025461489
726,182400,-6.632812391759149
727,069410,-5.593885978315541
728,096870,-1.2871309102126998
729,037950,-0.9740357960482724
730,060850,-8.057110862262041
731,122640,-8.841411626591258
732,226400,-3.854418374909897
733,067170,1.1380640075309263
734,273060,-0.14800809394537115
735,104830,-11.433167037251573
736,008370,-0.5058816927245499
737,069080,3.0205789971213726
738,044340,14.29688115086092
739,112040,-2.3516290800406177
740,089850,-4.250597060513702
741,264450,10.337103099232108
742,084370,6.438022582863002
743,039020,-1.2231039316827275
744,073490,49.52708650866316
745,272290,-32.11896810039629
746,054210,0.5565221099557371
747,115610,-4.524604841843314
748,086890,-2.215126155845473
749,277410,-1.7083195028669544
750,033230,-1.2433822408800594
751,049070,6.057664307151139
752,189300,22.655854434301617
753,221610,-0.013467948886611979
754,049630,-2.133182137744203
755,065620,-160.18602586683886
756,204270,3.909755754374767
757,089790,5.171970333378966
758,036180,-2.3856570487459923
759,086060,0.5569137313177481
760,036890,-1.8168305159093485
761,284620,3.878121096327023
762,317530,-18.110537596885962
763,180400,-0.6514090678966697
764,050110,0.19105955504644356
765,032500,83.38070904439431
766,024880,-0.7950498348034072
767,094860,1.4667948683238314
768,078940,-0.2057591346858443
769,224060,-1.5189430722867447
770,190650,-9.261307629742728
771,183300,13.99383392283222
772,121850,-4.806381788500824
773,043090,-2.941885855782924
774,054780,2.347563539326679
775,065130,3.9109927646014975
776,124560,0.36512510296385803
777,200230,-2.448800495926618
778,051360,-1.7459986554460347
779,322180,-6.444845176313139
780,356860,-879.5454545454544
781,034230,-2.24731848680353
782,177830,-1.0556146822039045
783,037030,-1.0465513534729738
784,038160,-7.725662003436255
785,053610,9.381916181334548
786,319660,51.012656583992694
787,087600,-10.971566013875421
788,161580,-0.9874500741865637
789,023760,-0.159742836576698
790,032300,42.31735219861141
791,039670,-9.179472532674202
792,046110,-1.8330353273991449
793,220630,0.8257328791491559
794,084990,-34.92258101992643
795,037440,-1.4414749774795481
796,000120,-13.023946101918408
797,069730,-5.2052216690035555
798,114090,-11.77805186612473
799,001060,-14.768958840099131
800,092230,-23.579676643541813
801,044450,-0.986611786290405
802,093050,-17.21331911751603
803,108670,-54.95037556120002
804,051910,258.90184209486034
805,079550,-56.685189556306106
806,006260,-38.32622034033815
807,035420,104.08125700924069
808,034310,4.31997638832061
809,008260,-2.306882875723581
810,005090,-33.26618571343409
811,002360,-0.8817070878127968
812,001510,-0.7044625514773634
813,000660,30.384061582554505
814,012610,4.099455937385326
815,009140,-2.620966957757898
816,001140,1.816879401847624
817,092440,-1.7762132413270995
818,006280,28.217839350841516
819,008060,-2.6201708516512605
820,008110,-0.5479515635174641
821,005750,-4.293161065693116
822,009190,2.668280944919682
823,012800,0.18922895079667176
824,001230,-8.711239558511425
825,002900,-0.9459269281060207
826,000020,7.662516064928559
827,034020,-12.755373798840338
828,001530,36.27145419650699
829,092200,-9.098449314141474
830,032350,6.717632824911951
831,033920,-20.665144351430676
832,007120,-0.3834541309189833
833,155900,-0.23106670871416643
834,005030,-1.5169019254780522
835,030790,-38.03196994188472
836,014710,-3.0125048730230333
837,028260,-36.87159611317389
838,005930,14.42093995990743
839,001360,0.3741639595728799
840,023000,-1.4920488533984948
841,004380,-8.633737296933012
842,000520,14.319354980169168
843,005500,-13.480642579347181
844,004450,-10.717512364163893
845,007860,-3.8644202014593843
846,002820,-7.741745858454745
847,004980,0.03373682663147241
848,002420,-28.907357333710593
849,019440,-14.064159425611836
850,013000,0.13652624860927395
851,021820,-12.817990254081046
852,075580,2.6490686822011082
853,145210,-0.3724931053158946
854,068270,125.81738373033777
855,004970,-7.09497904806647
856,005390,0.6713553060754189
857,004170,-6.430540975148622
858,090430,-188.05202755255212
859,002030,-33.270905252925
860,010780,-4.464198168289906
861,123700,-3.8625972110101916
862,138250,-7.088400673522646
863,085310,-0.9579967849169979
864,004250,-3.873555173297855
865,111770,-2.994610725696883
866,009970,-20.177004974900516
867,118000,-2.78033162105441
868,017370,-4.8075362135362205
869,105840,-2.420618184679279
870,049800,-9.14773620354549
871,014830,-4.324823671877991
872,001200,-0.37303536298953155
873,008250,-3.8678691641457883
874,214320,-8.767299628982927
875,102460,-8.458792700360851
876,006490,-0.5944948916990881
877,226320,-35.0390656608315
878,004910,-7.17833891530416
879,000480,-12.69376391600008
880,272450,-26.452038701865906
881,009310,-1.8756295716963896
882,003070,1.0929000610502244
883,006890,3.8654848624552316
884,214420,-13.65818293535019
885,001020,-8.750323878874221
886,005490,-146.38352734542875
887,007630,-8.007852001952896
888,293480,-2.3076615300597854
889,002960,-184.546679524965
890,104700,-4.354428327507314
891,003350,3.35226042807863
892,053690,-2.3721715970156447
893,010420,-0.49315467213436687
894,001750,0.3792023507958839
895,097230,-52.1087149671431
896,003480,-2.165759556686144
897,267260,-60.52830198326692
898,004020,-43.39555041359208
899,032560,-4.375192140422381
900,241520,-2.776857490880282
901,122450,7.592508998965718
902,104200,-7.233637160837915
903,099220,1.8200620594656893
904,040610,-2.947312105955632
905,036490,36.94648591326141
906,950180,-25.731638178829527
907,073570,-0.24394717471435223
908,079940,8.8345784248788
909,039240,-0.4793159858162141
910,060480,1.4352122769547293
911,204620,-2.9012926936876515
912,019660,-1.3218287408388123
913,187790,-2.276237620741976
914,253590,1.2177834354643304
915,042420,0.42097427920887165
916,153460,-1.549923690397701
917,065170,-0.19218566030272421
918,194700,45.94863776493058
919,108380,-1.4561988475578584
920,007680,-4.465496026006022
921,054670,-5.293779067336122
922,035290,-5.001494554734394
923,317330,-9.847304755317797
924,077360,-1.6902788544928993
925,086450,13.63734050581312
926,005290,13.24727857472704
927,187870,24.257026160597707
928,263690,23.23873438312102
929,033430,-1.1825260353211708
930,171120,-7.6787196180439725
931,281740,0.531217740831539
932,029480,-0.805131358397355
933,042500,1.7719692783782177
934,147760,-6.427994482981633
935,127160,-1.382710724006339
936,215200,38.180016112276505
937,235980,472.2332206750811
938,059090,10.705248107576523
939,214180,-7.796558168101787
940,035620,-0.8633148657359019
941,032980,-0.9249338622573231
942,206400,-10.097885130247471
943,148140,-4.644193315451911
944,082800,0.7814408081661633
945,083650,-4.888221145443549
946,042600,-1.1647901635289295
947,019770,-2.2325458706063195
948,046890,-7.080002613351251
949,093920,-5.545799997534098
950,123420,-3.369873220687217
951,043260,-0.4009759900896028
952,234340,-28.460051778856272
953,094840,-1.9052473322145247
954,115570,-0.8204066506738723
955,025320,1.3078504258071995
956,017000,-4.166249051611526
957,243840,14.117794293366233
958,264660,4.224225932741919
959,060590,-4.346712840109046
960,246720,-9.551630519378667
961,154030,0.9971453332169026
962,227610,-8.348482006277445
963,307180,2.044785764299684
964,185490,-6.2005013033072505
965,175250,9.594804740794897
966,052460,0.5514920189193412
967,065660,13.870403708111555
968,140670,-14.923777589793755
969,217480,-11.968765729324351
970,298060,77.92971417422689
971,900080,-1.1882390423237064
972,041910,-0.5734277342918335
973,054630,-1.8066739474429139
974,195990,-1.1058690581372783
975,088800,17.397463778201733
976,176440,-0.7857065320943298
977,239610,39.01403187856358
978,089530,-0.08481032802515422
979,200470,4.031779164701251
980,109960,-1.685598629668426
981,038110,-1.1456332819942008
982,054940,-0.2176901635670618
983,217820,1.1439122071594388
984,031860,-3.764617918768247
985,208860,-2.665630948281703
986,198080,-3.3249387995198263
987,290650,79.86418027995067
988,083310,-2.5347337006515467
989,169330,-25.428079877112125
990,347890,18.536699149906696
991,259630,-0.3784207813767929
992,053280,4.226190063087775
993,900300,-4.163607507690383
994,082210,-1.1140190787352144
995,153710,18.61935261882155
996,122990,-0.1779904345751454
997,232140,0.4068157878446882
998,114630,-2.8316795243293975
999,072470,-3.412041727694648
1000,103840,6.814279191221588
1001,018620,-2.8601794670670087
1002,032940,-3.174180013379444
1003,024800,-2.9359483624163993
1004,263770,0.9529496962935462
1005,065440,-1.3066137107134566
1006,102710,18.57048161292582
1007,063760,-22.156916616681247
1008,035810,-2.933629890230351
1009,096040,-0.17882256323744403
1010,017250,-2.1755589883330906
1011,035080,-3.8104889318346222
1012,051370,-31.96465222535885
1013,065530,4.042879933415472
1014,217190,-1.3394169379480345
1015,095700,55.03755739108738
1016,072520,1.359737332777615
1017,122310,3.651536533292318
1018,159580,1.8057878993447938
1019,033100,-0.8931938851139782
1020,033320,-2.014167960949212
1021,044060,2.688665847325123
1022,094360,2.1683056802384253
1023,307930,-10.7356226621831
1024,192250,-0.7295029560993852
1025,115500,-0.9061485952029503
1026,093320,65.74972420628036
1027,217600,0.8476185264741
1028,036690,-2.6629353705270664
1029,089890,7.3080878009755095
1030,241710,-29.423651693155445
1031,029960,7.827256338361873
1032,052330,-6.694532032809762
1033,200130,26.765813221904924
1034,016600,-0.6489169400453244
1035,219130,4.413843872345928
1036,023160,-3.679962218262369
1037,045340,0.7608977446244855
1038,117730,-0.9490754691619525
1039,214450,11.544628501823945
1040,049120,-3.239363832006765
1041,131760,-4.338404747350837
1042,087010,-10.839516171572612
1043,056730,-1.8741797083189862
1044,023900,15.991364882431604
1045,214270,-1.3676698071369664
1046,220100,0.424806969817954
1047,051380,8.371127209829355
1048,031980,-14.0119080222384
1049,149980,-2.4148967122490554
1050,106080,-16.364674850676092
1051,080720,4.889395536596671
1052,054040,-3.519191289812139
1053,053590,-1.38141223417
1054,226440,-1.0941825860559662
1055,005860,-0.6144283300494847
1056,900270,-2.5417131152989993
1057,061250,3.498729296086978
1058,097870,-1.7185055901693254
1059,243070,11.580263986608868
1060,145020,-6.8790924019227475
1061,084440,0.1565265079106625
1062,095570,-4.028234807067692
1063,006840,-62.395145318726534
1064,001040,-126.16488349931801
1065,011150,1.0710856961854605
1066,016610,0.11277303387581981
1067,139130,-7.15745600170224
1068,017940,-23.86169232542884
1069,007700,88.6640099714095
1070,092220,0.1876276376130901
1071,001940,-2.440063055996517
1072,003550,-5.162385588028819
1073,034220,-23.224908999830063
1074,229640,1.0691653406069912
1075,003570,-4.067989752002372
1076,036530,-1.124385376266017
1077,010950,-52.823231574062405
1078,001740,-2.3659089600450884
1079,285130,276.99656559697695
1080,012320,-42.50230114729424
1081,013580,4.317000015125914
1082,005320,-1.3545511016305112
1083,003920,-572.4552523974894
1084,025860,-3.5291482089201454
1085,090350,-1.7894850236288393
1086,001680,-1.5012673355371409
1087,016710,7.562087111793092
1088,084010,-5.566549955620058
1089,069460,2.0587613045554565
1090,145720,-22.55576322642854
1091,049770,-45.54024491016162
1092,336260,187.51865143318898
1093,001080,-5.349181732522229
1094,005360,2.002106823782971
1095,008420,-0.7512971107088552
1096,085620,-2.6241823585317086
1097,003650,-31.292819525089513
1098,001340,0.32107142825365736
1099,007210,-2.885578305015461
1100,026940,2.315947365885572
1101,015350,7.0563934761295934
1102,002070,2.5641833474360234
1103,100220,-8.736719415432987
1104,007160,-56.08096965500079
1105,001470,-0.21882280220146905
1106,006660,-7.551790940034904
1107,032830,-80.65144707334532
1108,009150,55.352420457710195
1109,145990,-67.1891761244942
1110,272550,-2.041347463269541
1111,004440,-11.6061584334027
1112,009470,8.357119405620208
1113,007540,16.486307933364124
1114,008490,15.885132916747864
1115,001430,-24.77264492373679
1116,027970,0.15944005136201236
1117,017550,0.3569890176964301
1118,034300,-15.020857237680099
1119,005800,-94.14484117980605
1120,001720,-8.326519045369228
1121,009270,-0.5995352022608031
1122,002870,1.1017502589518404
1123,033660,6.80204512530549
1124,005850,-4.726762013312585
1125,007460,-4.877711367811014
1126,900140,-1.9565690511335987
1127,010120,-8.15648343083193
1128,271560,19.258171090358044
1129,316140,-14.7149833314835
1130,006980,-0.4854284694875353
1131,010600,-0.7631035223932809
1132,000910,2.286671667115996
1133,003470,-1.440595322940178
1134,103590,-2.8210712375908717
1135,004700,10.151347483816863
1136,018470,-1.0591471424796304
1137,002780,-0.02782397960772532
1138,035720,222.3282214098293
1139,009070,-0.3839502354876068
1140,030200,-8.966465339475727
1141,003690,-5.458120601330091
1142,044820,-23.30589187411731
1143,144620,-0.2713472346841537
1144,264900,-12.896510870468777
1145,005740,-15.584084055341535
1146,039490,7.012043405527161
1147,011280,2.632236018157708
1148,001420,-0.9299407686989672
1149,019180,1.1717533591287375
1150,028670,-2.0303881525703957
1151,090080,-0.7087073914750601
1152,039130,-67.71578356113086
1153,172580,-0.04800227981848401
1154,000240,-9.622309986420998
1155,010100,-0.3111962399264906
1156,002390,1.8590435109001286
1157,069640,-12.634393049807603
1158,213500,-6.294436853947095
1159,014680,69.83063297629822
1160,004710,-9.313976726175063
1161,002320,20.49568203446853
1162,195870,-0.09992636603212833
1163,079430,-16.82703872856903
1164,069960,-47.68638971498837
1165,093240,-3.9913875458814116
1166,003010,0.6289051392899695
1167,002460,-5.0119851898232355
1168,079980,-2.631046155265858
1169,023460,0.24083143973409915
1170,068790,-3.9080218570733307
1171,130500,1.5229697305032368
1172,024840,-1.6552710061770932
1173,052900,0.05159151947181833
1174,058400,0.7512462800101637
1175,114450,4.8779666652811855
1176,036030,-1.6527386866105018
1177,060370,-0.3692835006907712
1178,046140,-3.6941067276889274
1179,049470,-2.112386013842373
1180,289080,4.890375662356383
1181,048770,-3.901842603294424
1182,246690,-1.8885808625660696
1183,057030,4.381868579192362
1184,052220,-1.4851514364597835
1185,078890,-5.7112076542719326
1186,011040,-0.8637604065337343
1187,900280,-1.7603032199258373
1188,090150,-0.5704171689042214
1189,066620,-4.862325452986182
1190,032860,-4.770514572166055
1191,089600,-28.89947157173376
1192,036800,2.907559182046481
1193,111710,10.807505888409693
1194,212560,-3.6056738957097445
1195,095660,12.060023695571024
1196,311390,1.008572282715292
1197,225570,-5.487540504719985
1198,104620,-18.245934986260043
1199,285490,18.08739914562532
1200,060260,-3.5745883113797854
1201,064260,-0.8141030339152237
1202,048910,-2.036298126941504
1203,131220,3.4616612728164577
1204,021040,-0.4595498985483318
1205,067080,-14.953893289597836
1206,041930,3.413223201423921
1207,228340,-5.0915579221467935
1208,263720,30.783650864627898
1209,196450,-0.8270557611112237
1210,079810,-1.3938927913324197
1211,317120,8.21994218371089
1212,300120,14.106731610962724
1213,069540,-2.2159561109520145
1214,084650,17.032758472323327
1215,900260,-2.3264608677978567
1216,016100,-19.096159441373295
1217,302550,30.29241542006743
1218,277070,-5.02912245964189
1219,195500,-2.414871197163194
1220,133750,-0.30382305578297414
1221,241770,-35.24378947050173
1222,101330,-3.106386135612339
1223,033200,1.4308827699692896
1224,038460,2.463112979267456
1225,225530,-3.064460634680824
1226,288330,-18.82772510329955
1227,263920,-4.075209847977635
1228,086670,1.5641364189690155
1229,082920,2.628514598350411
1230,053700,-1.816422878873331
1231,054540,-0.885607984855782
1232,000250,37.32684482451589
1233,263540,-6.848005448984612
1234,092190,46.29273946752798
1235,063170,-5.601583797628995
1236,011370,-1.7792150489374179
1237,037350,-4.1857478169428814
1238,081580,-3.216679485561299
1239,053060,-2.170326820165463
1240,214310,-10.687265276633275
1241,234100,-1.0760630880278643
1242,024830,-2.238002703089869
1243,051980,-0.2788050349720037
1244,268600,160.7558168264663
1245,258790,0.5591243530839101
1246,033790,-5.159748378508339
1247,048870,-0.5279476053580311
1248,065350,0.2860105121291403
1249,056700,-0.18844995349734664
1250,217330,33.45578713166611
1251,059100,-6.597927203168867
1252,032080,-1.3716779710632363
1253,053800,-1.7638646482341522
1254,131370,9.09967507248046
1255,131400,3.382178596882055
1256,019990,-3.2312404660662843
1257,041440,-9.499015036048615
1258,038680,1.8499132420770394
1259,121890,-4.043082620667617
1260,031330,0.20066787902776725
1261,052020,4.772444155823354
1262,058610,-0.277246887843125
1263,262260,-70.65450274397034
1264,089970,16.130945487455314
1265,230360,23.522884872852718
1266,038870,-4.290946199664868
1267,128540,-2.383582328479336
1268,064850,4.624139395850644
1269,064090,-2.6251760039952754
1270,083500,-2.175714057650085
1271,317870,-3.678276945226099
1272,138690,-3.9744992337262652
1273,073110,4.3973310769028195
1274,179290,-1.9302532038132116
1275,123040,2.8325984172700833
1276,033160,-2.47154389699227
1277,138080,58.55670420562701
1278,244460,-3.0499992842499593
1279,155650,-0.6677737310660732
1280,251370,4.216849964685701
1281,193250,-3.6845051531702206
1282,332570,-37.28638580152003
1283,115440,4.31270654340699
1284,037400,-0.5516969305706552
1285,240810,4.847611497372729
1286,065370,24.59478543382927
1287,018000,-0.10430079316989992
1288,011320,4.446651980547821
1289,069330,-5.141302020911132
1290,049520,-3.079630986160044
1291,080010,-2.8957356742655955
1292,095190,1.872936192919217
1293,294090,591.325743551771
1294,160600,-4.085518932623966
1295,134060,3.8728121604216352
1296,001840,-0.9087333470356324
1297,071200,-1.1229397456024588
1298,068330,2.409549065987501
1299,950140,-4.425290185582258
1300,045510,-1.0001743293404735
1301,137950,1.0664666359826693
1302,058420,-2.1839525234410364
1303,064800,-3.7740454817177906
1304,033340,0.08690862282617387
1305,072020,2.152096267420065
1306,115450,2.162863388970006
1307,016920,0.07619262432452942
1308,293490,-197.93741109530583
1309,042000,-79.79171569501398
1310,073010,-4.053283346635241
1311,115180,-1.6429285142932901
1312,900250,-1.407491293383887
1313,045520,27.691535449359783
1314,214150,14.18922023115194
1315,044490,-17.621425438203453
1316,182690,-0.08651236200304209
1317,215480,-1.2118185124158976
1318,057680,-1.9021078533620146
1319,064760,46.25943510684044
1320,104480,0.23771143390744454
1321,084730,-3.5926956069895972
1322,027710,-0.466545811882181
1323,290720,1.4916499594103196
1324,053160,-0.17705880536036975
1325,075130,-1.8534208653472044
1326,128660,0.08577855178394907
1327,166090,7.987596486744635
1328,025550,-0.39612176640681857
1329,041460,-2.5019075811718214
1330,021650,-0.7335833049563559
1331,256150,30.534293915686387
1332,016790,-21.746832236888906
1333,092300,-0.9793248452803269
1334,064240,-11.607830164708497
1335,200670,-10.874834495168797
1336,084110,-9.576781022392328
1337,024060,5.256876412255144
1338,027410,-53.077635941612975
1339,000590,-38.424419937073665
1340,012030,-0.03649481467132343
1341,000210,3.5958738793635887
1342,007070,-13.103996508074633
1343,012630,-30.74241674995453
1344,234080,0.8504024192311116
1345,009440,-3.0052773552478613
1346,000040,-4.281357946119461
1347,032640,-2.110684831491595
1348,005610,-139.68414993568945
1349,002100,9.595090840013208
1350,267290,-18.667976512607297
1351,000050,-5.829853419721372
1352,002240,-21.458952170714884
1353,009290,-0.9430983439920188
1354,037710,-126.69537666895084
1355,007690,-17.783348732531
1356,008870,-37.38346658755433
1357,073240,-5.086046305889462
1358,006570,-2.1666744202866224
1359,003540,-2.557775336446729
1360,000430,-1.2743643207390396
1361,006340,-0.4516357278164168
1362,024890,-1.3991882595449292
1363,002880,-0.8078953713812365
1364,192080,13.407393114760056
1365,005960,-2.457953326512692
1366,002210,9.09777263920385
1367,170900,-5.495463306120671
1368,084670,-2.246353161119079
1369,008970,-0.2991043806300338
1370,030720,-0.23901753754436253
1371,023530,-186.64612183631655
1372,000060,-7.297878317230592
1373,268280,39.010279427082956
1374,003000,11.820810525297585
1375,011390,108.29204912032638
1376,002450,-1.024983726931233
1377,004690,-46.4816106378649
1378,004410,-0.057739453710444
1379,000180,-1.8586957419788486
1380,033530,-3.6719461827594335
1381,134790,25.025637789262472
1382,020560,-1.3353626717601599
1383,001780,-2.136078000399884
1384,025530,-3.243414094276139
1385,007310,-287.8410401137977
1386,002920,-2.0772893548009477
1387,007660,-0.578772139286029
1388,093230,-0.26132954499088834
1389,014990,0.7046046969395957
1390,015860,-1.167335511719216
1391,317400,18.239631998296957
1392,033240,-11.819903364473651
1393,000950,-4.714854270712936
1394,036420,-19.034358069541838
1395,030000,2.689995783810264
1396,035000,-5.535193299652118
1397,010640,1.4561335137765938
1398,002380,-232.29498720843378
1399,192820,-55.19387036938883
1400,031820,0.2836570215447678
1401,014580,1.4275299013269243
1402,091810,-6.782013525361334
1403,010820,-2.6065234890832216
1404,047050,-10.950518939614938
1405,153360,-0.4435615910072246
1406,010040,0.8478875770865526
1407,000970,-0.991102276221313
1408,123690,-5.046617305342511
1409,014790,-1.9411259374730294
1410,042700,1.335433039038968
1411,020000,-3.121551466304865
1412,105630,-13.523305538512428
1413,025750,-0.40912944261768314
1414,009420,19.801531479760566
1415,130660,-1.2846195635525466
1416,000370,-7.330131012026628
1417,143210,-3.589672330749599
1418,307950,3.0995476544550455
1419,241590,6.312053205594352
1420,133820,-0.011309290247611169
1421,010660,1.3130915551257596
1422,298050,-13.222036550502539
1423,093370,-0.7788217624537438
1424,081660,40.71058863576074
1425,005010,-11.554609698660009
1426,060310,0.2033622619622787
1427,051500,-24.522606441631194
1428,035900,25.931023606213735
1429,218410,36.31584518334325
1430,114190,-0.4803073941697609
1431,053950,2.2269042604616356
1432,049720,3.560729846975321
1433,038530,-3.53683302503161
1434,026910,-1.9014301361345003
1435,186230,-0.2762887183685676
1436,900070,-1.385399692117734
1437,035460,-1.1682790382918244
1438,242040,1.902872563663258
1439,130580,4.252444900679308
1440,033640,29.88518808184721
1441,020400,0.9687785747905922
1442,017650,0.5039411268907871
1443,020180,-0.13093714699579634
1444,060900,-0.9653317093948326
1445,075970,0.31718031856700907
1446,088910,-1.350990613925273
1447,094170,1.8068862568103166
1448,223250,-56.501380456488825
1449,110990,-2.5047250209858825
1450,131030,-2.5874818695579287
1451,105740,6.564162539770669
1452,263020,5.467271584716811
1453,290550,18.1682014631673
1454,042510,0.3298997507783174
1455,214260,29.01035186383318
1456,039980,-2.153275809099776
1457,019570,-1.0178448800623037
1458,098120,-1.5085891042827573
1459,140410,199.00691508502356
1460,080420,-2.415668133880358
1461,012860,-1.2824144213263697
1462,279600,-4.7333326673895195
1463,095500,-3.9856024810566986
1464,213090,-2.4444155060705124
1465,950190,-38.920441409922475
1466,142760,-2.054037011205761
1467,043150,-11.892708203444315
1468,323990,1594.9567004549444
1469,100120,-30.38795936543866
1470,066980,-0.6789202588488824
1471,033560,-5.5019759655576586
1472,121800,-4.074231479620755
1473,090460,4.588880825971526
1474,042370,2.0191588771385534
1475,238200,-29.931811037229988
1476,065450,2.1758416776901544
1477,100090,5.220285770467683
1478,009620,-1.144582234321259
1479,038500,-0.16085933242857486
1480,089980,22.032109519754766
1481,006730,-4.976939056420043
1482,027040,-0.8342734279757982
1483,357550,2225.0000000000005
1484,003100,-1.5988545234046827
1485,067770,-0.5214657697380789
1486,252500,1.227821373882986
1487,331920,18.638917262512766
1488,299660,-2.057400159938081
1489,950200,5.890242623147357
1490,050960,-1.7216068474887118
1491,253840,11.305746906845853
1492,099440,-2.8087887409303303
1493,001000,-0.7500340333072635
1494,187270,-5.77947263436102
1495,037760,-0.3994106359074208
1496,066790,-0.966029128443545
1497,096530,152.8106274928365
1498,058220,-2.6897031545666343
1499,127710,-2.3848201026706395
1500,054800,-2.1648075138424363
1501,214430,-1.498109133599067
1502,027360,2.720567466156189
1503,001540,0.14273893192995363
1504,196170,143.4359790464141
1505,123750,-4.188608788308763
1506,117670,-17.876506175631196
1507,293780,43.67643522481457
1508,255440,-16.445486231850527
1509,097780,0.19942646091864133
1510,060540,0.12974183114827428
1511,080000,-1.7161481719315654
1512,098660,-0.2884658547736815
1513,028300,92.246818327473
1514,071670,-1.8015509909189857
1515,064510,-13.915768885901675
1516,173940,-2.0949060242195126
1517,101400,-3.3528162736534672
1518,061970,8.944848437702783
1519,297890,-37.138213333472486
1520,009780,-2.144331855950961
1521,032790,-6.962525610778704
1522,115960,-14.931817081173921
1523,080520,-5.187959759475084
1524,065500,-0.2583816949489488
1525,053980,1.41414664484976
1526,080580,2.8223163037146324
1527,067900,10.166716938087857
1528,066430,-4.5545270781195
1529,122870,9.651948262254884
1530,041190,1.6940288737180624
1531,065680,8.362881489223804
1532,053580,54.06379730387459
1533,071460,-0.6811922474477562
1534,330350,-45.94646012562716
1535,299900,-1.9409168996675992
1536,136540,4.630647797152084
1537,320000,3.1043447240787834
1538,048430,-1.5962475911345881
1539,263050,-33.26222273156528
1540,072770,0.05416539081485846
1541,060230,0.2872619591007987
1542,053350,-3.8809554315569543
1543,258610,5.41600102524615
1544,037330,0.32668689217498326
1545,216050,18.15402414782315
1546,019540,-2.32529397341627
1547,026040,-6.721200354429409
1548,033050,0.06736500089675067
1549,303030,-0.2310439074887643
1550,018120,-3.4721388538598994
1551,066360,-1.5208133457365791
1552,221980,-6.388497670037205
1553,089150,0.9145206616812163
1554,256940,3.9097474569715414
1555,052400,9.490587423145419
1556,080530,-3.928157296289843
1557,101670,-1.2799840936393245
1558,082660,-6.801596686433315
1559,069110,-10.076271215524834
1560,166480,8.433789487692911
1561,060280,-4.99764907700781
1562,040350,-0.9053240930520833
1563,053620,-4.401033366877274
1564,089030,2.2993077796899137
1565,079970,-7.658921308765291
1566,062860,0.5005310594126849
1567,321550,12.165676659107314
1568,106240,1.3972377156920435
1569,318010,-1.8237700788036364
1570,054300,-0.36763017469922626
1571,043370,-7.0377430330864765
1572,119500,-1.4056928475906518
1573,022100,-2.511346596599365
1574,023770,8.099249614829398
1575,241820,13.460363460609814
1576,062970,-11.490092961487383
1577,070590,0.028593850515037496
1578,079170,-1.410511341067379
1579,086960,-12.33901521145838
1580,220180,-5.050596119910623
1581,170030,1.2692540496457934
1582,126640,-0.4769269048451608
1583,205470,6.258413929670599
1584,065510,-7.842547493782173
1585,010240,0.9434171321698581
1586,000990,16.255598336047743
1587,082740,2.5813274782062905
1588,016380,-39.25121253269708
1589,030210,-1.8331123551646038
1590,058850,-0.6499754108560597
1591,051900,563.4200734611005
1592,004060,-0.5087735260400241
1593,009160,-2.8577170063451303
1594,011790,40.67113237043543
1595,018670,-25.79629383321557
1596,210980,5.059397902175502
1597,068400,-2.6095570611136516
1598,077970,-6.579601840175523
1599,071970,-134.8471596774139
1600,002710,0.8603837050431452
1601,000500,-6.897903764357067
1602,214390,-5.041373316082166
1603,012200,-2.893329192137627
1604,002140,-0.8269156875179299
1605,017900,-0.6835944714401766
1606,000270,11.231123589778594
1607,005720,-4.894298458186318
1608,003580,1.7295166202656995
1609,004370,-44.96205365682962
1610,023590,-1.1151313418732467
1611,128820,-0.6743998857040155
1612,000300,-0.30347726975466666
1613,001440,-1.0710810185917825
1614,001130,-37.51009146348052
1615,003490,-7.105222088461688
1616,003830,-36.03273451236659
1617,023450,14.705943340358624
1618,004140,0.15086447142619455
1619,282690,-5.132874057347108
1620,092780,0.8958437011508602
1621,014820,-38.70615343803771
1622,210540,-9.19532372825062
1623,138040,-5.1270051846295805
1624,009580,-2.0473427772424397
1625,002840,62.685003278764384
1626,003610,-0.3885273498775247
1627,003850,7.164938486465423
1628,006090,-7.949392376767972
1629,006110,2.786072032654689
1630,010960,-0.31555066018260663
1631,011230,-4.630604974290394
1632,000390,-3.8768471569572913
1633,075180,-4.552271410255091
1634,014910,-1.8924758490626956
1635,003030,-58.83122287424659
1636,035510,44.12907336742131
1637,102280,-0.7359313552959068
1638,003410,3.3707489221514955
1639,008700,-1.130060110892019
1640,002310,14.040607105900344
1641,267850,11.968801234697187
1642,161000,-9.412352952915317
1643,023960,-0.30928053651999504
1644,298690,-4.9262288786482324
1645,015260,-11.084882017232614
1646,009810,-0.2149787862229105
1647,012160,-0.4904864735557707
1648,002630,-2.8869871758939203
1649,001800,-23.156935365188513
1650,070960,-7.708621885571061
1651,016880,-1.9819263500164546
1652,005820,-9.280365635295395
1653,077500,1.5365093813081578
1654,074610,-1.3310919016235965
1655,101140,2.246448174740664
1656,249420,-3.4237250729062727
1657,007110,1.294137259156358
1658,007570,17.77092387432374
1659,044380,-0.8247821328123918
1660,010580,-0.734380097449021
1661,003780,0.5229160779953156
1662,001620,-1.8778629320148625
1663,029460,2.442736453313739
1664,053210,-9.592010492045993
1665,002020,-64.48760710958649
1666,004870,-3.3775653582496545
1667,005690,14.02509662472213
1668,010770,-1.1286019219063028
1669,017810,0.7864410286994525
1670,000140,6.574083868491997
1671,025540,-35.03619669433947
1672,009540,-64.97955877580762
1673,017960,3.7523978069712167
1674,128940,-133.95120419437796
1675,004960,-6.405427000113001
1676,014130,-0.6750498551407706
1677,052690,-8.491585352166242
1678,272210,13.288499605187726
1679,003530,-1.4280396065076006
1680,086280,-11.773341859773117
1681,004310,1.3568935973275689
1682,267250,-236.6478269878046
1683,001450,-22.140785273918237
1684,013520,-1.748227058532077
1685,298040,-8.668669878126547
1686,298020,-90.7039245702736
1687,045890,-0.43094252368635577
1688,078150,-2.895946547306679
1689,095340,-6.326901057326835
1690,035600,7.513009875188329
1691,219550,-2.157952818078596
1692,053290,-3.45601053627976
1693,060250,45.374856205304674
1694,019550,-0.13167854559376396
1695,255220,-2.567248747264815
1696,094480,-1.9565244106200184
1697,014570,3.049157696300367
1698,053270,-0.649709283739655
1699,078130,6.998847278218825
1700,053260,-1.2737087585272342
1701,049080,-2.065107883995169
1702,151910,2.4938749325848177
1703,091970,-4.3613026106946835
1704,051490,3.3238465251008193
1705,293580,4.012802201670272
1706,168330,-24.435614130552914
1707,290660,-5.735626189790955
1708,142280,1.1222607318680011
1709,214870,11.521044023655916
1710,008830,0.43353641462190373
1711,004780,-3.612002756221232
1712,317850,-11.460626282480074
1713,290670,5.423328529929783
1714,025440,-0.884133945437141
1715,027830,-1.1255567448676438
1716,006580,1.4318540697543625
1717,120240,13.014688533908677
1718,140520,-2.693908374837444
1719,263600,0.0300549989210456
1720,194480,-7.709129811232403
1721,033500,4.795501642051466
1722,060380,-1.0731874356274775
1723,079960,2.268819274939932
1724,023790,-0.6817388776546142
1725,066670,-0.8373893663296894
1726,109740,-4.115093450822286
1727,227100,-6.178291751495828
1728,113810,-2.346303665059888
1729,267980,3.1187488020903613
1730,141070,-0.055063679463825725
1731,067280,-1.7137298687108795
1732,072870,-0.36329104559853065
1733,065650,-1.10736979034593
1734,087260,-1.7118728158804906
1735,201490,-4.171679318413588
1736,018700,-4.467225321339882
1737,208710,-1.6755924814291276
1738,086820,-34.46398426150913
1739,086040,1.916633459564809
1740,036620,-1.1207710962334827
1741,299910,-35.77847677315857
1742,126340,36.77533675178997
1743,093190,-2.543909614145553
1744,018310,-8.622766750901484
1745,038540,-2.68621225877821
1746,263810,-4.759237092394928
1747,178320,28.58261138937195
1748,140070,-1.793793226869278
1749,171090,-12.849673760803473
1750,014620,-4.083736998227981
1751,032680,-0.24382494715780914
1752,158310,-8.254418934187402
1753,138070,-5.052925637827397
1754,036710,-1.4837902948320345
1755,049960,-32.47385409441342
1756,260930,-36.65665235665499
1757,125210,9.173514160351022
1758,074430,-0.5188990673157846
1759,143160,28.515350705763726
1760,339950,-2.6084253237379857
1761,052860,0.45242366084496904
1762,069920,-0.1894829644707526
1763,101390,-3.4357515602889084
1764,226350,-5.672674158697281
1765,059120,-3.1746863247625328
1766,158430,-33.394526605851176
1767,148250,10.088616249579117
1768,291650,40.8903420523139
1769,052790,-8.132834190870994
1770,092600,-6.654784028000485
1771,041510,1.715481424169663
1772,039440,0.6538831717593331
1773,047920,3.7856863218390373
1774,044780,-0.7489212363134309
1775,045660,15.644199218206317
1776,086520,10.31204673577049
1777,247540,251.2845123776653
1778,156100,2.413997673659796
1779,014940,-0.06303834114224542
1780,010470,-1.8804780754955999
1781,241790,3.9304373181474244
1782,031510,-2.813666301738095
1783,032820,0.280953003784148
1784,046970,-1.1024661214473643
1785,215380,3.0242896254149936
1786,053080,42.87805944055944
1787,030530,-3.6900225401545366
1788,101160,9.20724479182357
1789,076080,-1.5898100401243482
1790,196700,-1.8354935554071774
1791,900340,-1.2885601168751155
1792,036200,-1.1181821371086602
1793,142210,-2.8043286934908878
1794,023410,-2.1130835599996094
1795,056080,-2.5454657656706066
1796,086250,-0.3549354015415467
1797,215790,-10.29356595718502
1798,041520,-1.7968817228492693
1799,078020,-8.123739575988846
1800,226360,1.1998015073291408
1801,088290,9.305983455808756
1802,090850,5.107670389294007
1803,092130,10.723349187579519
1804,024810,-0.3313519910851166
1805,150840,-2.5283490140763796
1806,048530,-2.573622019670553
1807,041020,-0.6707154163446054
1808,058450,-3.1995009846461815
1809,094820,-0.2547873836655126
1810,187420,-3.046667195438127
1811,123330,-13.355563965902887
1812,147830,-6.125159505308879
1813,229000,4.75336751789974
1814,000440,3.0172294333006278
1815,204840,-3.36877270237679
1816,109820,13.699139691377965
1817,004650,-6.349713173260487
1818,096240,3.73091989836911
1819,013720,1.2424515649792123
1820,900310,-2.2203958572417974
1821,263700,-16.707596762307265
1822,214370,6.531211688696482
1823,272110,10.956650213738527
1824,083550,10.138144657889317
1825,225430,0.5734193197075539
1826,064820,0.6851841541938252
1827,089010,12.453987540568276
1828,220260,0.8312248062961429
1829,046070,-0.9846975954753434
1830,123410,-2.3729202662211786
1831,009730,-6.008369969187624
1832,051780,-0.8759290266677496
1833,130740,-1.9984633215008014
1834,140860,37.638959169310205
1835,091700,1.5408748600058497
1836,032800,-0.7852937090305393
1837,222110,-9.968220009093349
1838,009520,2.451397640840375
1839,256630,1.2211455935944666
1840,141020,-1.987673028066961
1841,237750,-5.333031323480643
1842,057880,-0.642018404551604
1843,003380,-14.278593676642565
1844,106190,-1.8355753370314292
1845,004590,0.2267319267249866
1846,101680,-3.5651933771883173
1847,047080,-1.8074225785158884
1848,042520,0.504052664620475
1849,052260,8.803768971106074
1850,039010,-3.315138383685469
1851,050090,-0.7063961898965756
1852,090710,-1.6518768526861785
1853,112190,-1.1346916912844103
1854,001460,-168.21809611005972
1855,005830,-31.83312226962948
1856,078930,-32.331788075008774
1857,011200,-0.9802654864894447
1858,175330,-1.4803000218753775
1859,000680,-1.2106195231320356
1860,005940,-4.398007548466799
1861,034730,-61.31961145974862
1862,006120,0.09215350184618878
1863,024070,-2.5336179674508132
1864,000860,-26.9800489189865
1865,009450,2.885946284192035
1866,017040,-1.3373585425126537
1867,083420,0.40299270664000963
1868,011780,14.648466759786375
1869,214330,0.1310313471228286
1870,004540,-1.461053401722804
1871,001260,2.4755321811454065
1872,000320,-8.072413217608652
1873,000490,-2.3759804039330934
1874,084690,-2.780482053992397
1875,117580,-1.553110580729611
1876,009320,0.6118133009664187
1877,042660,2.8298412173030782
1878,015230,-2.817507330666342
1879,016090,-1.5371659603881542
1880,002150,4.775381125375655
1881,005190,-1.4229500541037432
1882,028100,5.778259307235666
1883,163560,-1.8638363920092986
1884,004890,-19.259324649533205
1885,002690,-2.240333568356994
1886,016740,-0.5208885445095283
1887,192650,14.022096380310332
1888,004990,-57.23482852361037
1889,012690,-0.6189006180397758
1890,009200,-0.5766338561434028
1891,025560,-10.906487898696541
1892,006800,-2.496269682596034
1893,000890,-0.23597220797547522
1894,001820,37.6835253244032
1895,041650,-6.040695827649994
1896,017390,-17.196024096217084
1897,012600,2.1001027163981316
1898,016590,35.148019147119584
1899,029530,-42.457225121779494
1900,004080,-1.5330827261676918
1901,015540,-5.021472633598368
1902,112610,30.70404751672526
1903,002790,-108.2786849301278
1904,012750,-7.010613434633743
1905,326030,-159.55153422501968
1906,003060,-2.5162377961517395
1907,006740,1.0579545594653712
1908,015360,-4.4893427764797895
1909,004720,-3.795951097791833
1910,010050,-0.0742647947648575
1911,010400,-10.392535115128524
1912,095720,-5.452981794373237
1913,000700,-1.4357066655582806
1914,072130,-1.2781227291267787
1915,008730,0.2753780747710808
1916,000760,-6.621984207274345
1917,023810,-2.150507042257102
1918,003200,-68.13113735563175
1919,020760,-4.66997456431329
1920,020150,23.349989723275844
1921,006220,-5.552994530647329
1922,089590,-20.52557978964302
1923,185750,35.78147069138013
1924,100250,-0.8589840876652239
1925,000650,-42.67211669884419
1926,033250,1.9683789710132833
1927,006380,-6.70130952285621
1928,033780,-28.711795785411848
1929,003240,-431.61899525033596
1930,009410,5.992682997824029
1931,103140,-30.131571304132198
1932,086790,-17.998776707566382
1933,036460,-26.722702459410126
1934,015760,-26.290239222055174
1935,161890,-44.48918579745283
1936,011500,0.5575488926114739
1937,003680,1.7810897598449686
1938,016450,-5.661402149379718
1939,300720,-119.74912762121393
1940,003300,-8.597808166036273
1941,051600,-25.306587030634308
1942,180640,66.37406856462573
1943,005110,0.2114190611688162
1944,000720,-13.696969847188864
1945,005440,-10.49196527954406
1946,064350,-6.747075900185744
1947,010620,-12.527552996945715
1948,011760,-9.527379112485072
1949,010690,-4.2031419193361685
1950,069260,-6.378712474544932
1951,000540,-3.673030736239264
1952,265520,-21.2956972715295
1953,211270,-2.153120075736344
1954,900290,-3.251772649118319
1955,065150,-0.6266357945483919
1956,078590,3.468962882150189
1957,178920,3.4023240268285417
1958,091340,1.6325701229126717
1959,036540,3.443256339887177
1960,016250,-31.84234006538208
1961,089230,-0.5922136114671209
1962,161570,-6.29640315925694
1963,032540,-2.718888313934667
1964,040300,0.013958740318938075
1965,121440,-1.5388825610028762
1966,036190,-15.071598324862187
1967,308100,-7.433445566225526
1968,190510,3.5701348608727304
1969,144510,19.024462416742328
1970,234690,17.602361708809433
1971,054050,-8.089979869823079
1972,126870,-2.943722891724002
1973,270870,17.425113629375357
1974,119860,24.720251807070113
1975,032190,-0.923030831570656
1976,048470,-0.23427473719359343
1977,010170,-0.10052336934699146
1978,298540,-30.378240169282304
1979,263800,3.480337159708468
1980,206560,-3.225730947099594
1981,067990,2.1147437752731464
1982,005160,-1.9867055923810133
1983,013120,-1.0622123772433543
1984,109860,3.131001476619721
1985,025900,9.388473697369605
1986,030350,-4.284320858521477
1987,203650,0.6140623591875886
1988,217620,-0.47920896043912453
1989,104460,12.529723311436351
1990,197140,-2.015206615541077
1991,106520,-3.821933973985716
1992,060300,-18.933679208337608
1993,108490,-10.799957698523816
1994,071280,-3.217933169642976
1995,038060,-2.703639676315602
1996,085370,-9.829790615399732
1997,058470,72.63259548106318
1998,222810,-3.9684446734092664
1999,305090,38.35973988601554
2000,038290,-3.1677382550770647
2001,093520,-0.05837223807477364
2002,041920,2.6343188184296675
2003,096640,-5.598332361588671
2004,100030,10.688327103109037
2005,218150,-1.3356593557657
2006,064520,-4.064500394227089
2007,267790,-14.366306001798396
2008,046310,-2.4811948658833485
2009,066410,-5.344939904996548
2010,006910,-1.9038073833019822
2011,251630,-13.094710058929646
2012,018290,6.21254064136165
2013,318410,-45.062411726533554
2014,200780,-3.2170900460933654
2015,141000,-16.20502973513253
2016,054220,-20.293060052549215
2017,072950,-1.1957375300500444
2018,122350,-1.1282875825267984
2019,065570,-3.790688614241266
2020,101000,-9.868384334992992
2021,294630,0.17092298775628467
2022,043710,-4.547002952603901
2023,018680,-3.0368721490352524
2024,189860,-1.1223305144475997
2025,035890,-0.21324491155979572
2026,039310,-1.5602397800615795
2027,091990,19.526271832260864
2028,036830,17.497111522349556
2029,304100,47.653600222407555
2030,086980,-3.7325963962445545
2031,317770,-21.898149605885987
2032,002800,-0.7181548886229434
2033,012790,9.593919890869707
2034,160980,-1.0616675646883884
2035,208640,-1.5112489136987786
2036,050890,6.89829411463384
2037,222080,4.642127349267405
2038,297090,114.69691007183869
2039,025980,5.304981967749266
2040,083930,0.0422656814739198
2041,050860,0.28283165505593866
2042,067390,-14.975078581667166
2043,289010,0.7873467202009758
2044,090740,3.580299093983153
2045,119830,1.3923578287982912
2046,084850,64.40077342968372
2047,297570,-3.7510042798263648
2048,030960,3.5022914489138777
2049,238120,2.6461151376973002
2050,042110,-0.9113058710283196
2051,056190,-0.3587333025476489
2052,069510,-2.7137653319890345
2053,050760,4.5377124634864865
2054,317830,-5.497341335052312
2055,200710,24.647497163255522
2056,312610,-7.635362841369828
2057,067630,19.949976173507203
2058,043220,-0.40627932631973923
2059,230980,0.2767465886932138
2060,230240,30.31655088986771
2061,354200,-177.58241758241763
2062,227950,1.4866873777295446
2063,066970,7.651560835474163
2064,170920,-0.7423876293917108
2065,033310,6.125422747061793
2066,143540,-6.330933308318377
2067,036560,-1.5364583472358282
2068,250930,-0.6540962946212886
2069,039830,0.10786009876586518
2070,039200,31.77335635014484
2071,173130,-2.95747305966614
2072,226950,0.9245231988581164
2073,057540,-0.5676507154366823
2074,079000,-2.829767685022028
2075,215360,-16.64000692487238
2076,153490,-0.23354429535038282
2077,046940,1.8849862970655857
2078,038620,-0.7886338922422237
2079,097800,0.1769979966425555
2080,032620,6.833432986416041
2081,287410,0.09234138587023741
2082,056090,-12.782236405838711
2083,302430,13.266678769755028
2084,246960,-5.155216404623275
2085,215090,-1.4366769738968665
2086,164060,-24.325293753865193
2087,036260,0.45957484995156545
2088,067010,1.8829454553173504
2089,101360,20.04887548995569
2090,039030,14.381039323182705
2091,352940,78.29670329670328
2092,119610,-16.726831745048774
2093,101930,-0.3681068570854042
2094,043910,-0.8922670987339612
2095,022220,-1.1335156832216626
2096,054950,-27.742233573860794
2097,126880,3.821261900376662
2098,038010,-0.03921406003310152
2099,216080,70.93255517107538
2100,228760,-17.20059809644817
2101,051160,12.007241881038366
2102,053050,-0.5329511561346452
2103,270520,0.5526811688235086
2104,111820,-6.896082616981473
2105,219750,-35.62689358334565
2106,007370,2.0099117955820383
2107,085660,2.218308127077511
2108,311690,77.406374501992
2109,043290,-2.676752422974459
2110,039420,-1.2966894712069326
2111,033110,-2.658649143994002
2112,104540,-10.180161829488238
2113,027050,-2.176865918175414
2114,950160,-71.78358193815461
2115,282880,-14.164336883934931
2116,015710,-3.2330734345345986
2117,317690,-276.9642857142857
2118,066310,10.60958330902383
2119,114120,-37.633713845410355
2120,110790,-3.4495894962423
2121,036170,-2.3753877095971903
2122,095610,-8.743276753516112
2123,054450,1.1761270871696279
2124,091440,-0.2241233420440804
2125,108230,-18.391826044867035
2126,105550,-3.470524690004554
2127,033830,0.3592218441591028
2128,081150,1.2265473651483425
2129,046210,-4.656122188407118
2130,047310,5.244093298673381
2131,170790,6.7788234784188175
2132,016670,-0.694767514061063
2133,189690,0.9058887345367714
2134,094940,9.857450841096172
2135,195440,-88.97955885207277
2136,035200,-1.3627717691460077
2137,300080,-32.33320579727891
2138,347740,-28.907040328092954
2139,006140,-0.2574109671522339
2140,136480,-1.9905860249516574
2141,013030,-13.602569524231523
2142,126700,-2.07655237957961
2143,066130,1.9183632159117503
2144,039740,-2.5036874818314256
2145,052600,0.6827054108700414
2146,092460,-2.7111105433597045
2147,045100,-2.6038501426094096
2148,066110,-4.341065205020331
2149,102210,-0.6089269841608799
2150,076610,-3.799910769816251
2151,008800,-11.32809276329228
2152,060560,-1.102295910423064
2153,238490,2.523689611980045
2154,239890,8.791356569534148
